/*
SQLyog Ultimate - MySQL GUI v8.2 
MySQL - 5.5.40 : Database - mytieba
*********************************************************************
*/

/*!40101 SET NAMES utf8 */;

/*!40101 SET SQL_MODE=''*/;

/*!40014 SET @OLD_UNIQUE_CHECKS=@@UNIQUE_CHECKS, UNIQUE_CHECKS=0 */;
/*!40014 SET @OLD_FOREIGN_KEY_CHECKS=@@FOREIGN_KEY_CHECKS, FOREIGN_KEY_CHECKS=0 */;
/*!40101 SET @OLD_SQL_MODE=@@SQL_MODE, SQL_MODE='NO_AUTO_VALUE_ON_ZERO' */;
/*!40111 SET @OLD_SQL_NOTES=@@SQL_NOTES, SQL_NOTES=0 */;
CREATE DATABASE /*!32312 IF NOT EXISTS*/`mytieba` /*!40100 DEFAULT CHARACTER SET utf8 */;

USE `mytieba`;

/*Table structure for table `admin` */

DROP TABLE IF EXISTS `admin`;

CREATE TABLE `admin` (
  `aid` int(11) NOT NULL AUTO_INCREMENT,
  `aname` varchar(255) NOT NULL,
  `psw` varchar(255) NOT NULL,
  PRIMARY KEY (`aid`)
) ENGINE=InnoDB AUTO_INCREMENT=2 DEFAULT CHARSET=utf8;

/*Data for the table `admin` */

insert  into `admin`(`aid`,`aname`,`psw`) values (1,'1','1');

/*Table structure for table `comment` */

DROP TABLE IF EXISTS `comment`;

CREATE TABLE `comment` (
  `cid` int(11) NOT NULL AUTO_INCREMENT,
  `nid` int(11) NOT NULL,
  `content` text NOT NULL,
  `myid` int(11) NOT NULL,
  `yourid` int(11) NOT NULL,
  `accept` int(11) NOT NULL DEFAULT '0',
  `likenum` int(11) NOT NULL DEFAULT '0',
  `TIME` timestamp NOT NULL DEFAULT CURRENT_TIMESTAMP,
  `myname` varchar(255) NOT NULL,
  `yourname` varchar(255) NOT NULL,
  `avatar` varchar(255) DEFAULT NULL,
  PRIMARY KEY (`cid`),
  KEY `nid` (`nid`),
  CONSTRAINT `comment_ibfk_1` FOREIGN KEY (`nid`) REFERENCES `note` (`nid`) ON DELETE CASCADE ON UPDATE CASCADE
) ENGINE=InnoDB AUTO_INCREMENT=182 DEFAULT CHARSET=utf8;

/*Data for the table `comment` */

insert  into `comment`(`cid`,`nid`,`content`,`myid`,`yourid`,`accept`,`likenum`,`TIME`,`myname`,`yourname`,`avatar`) values (1,1,'你这分数很稳，放心报吧，9月见！',2,1,1,2,'2019-06-24 22:26:23','王大锤','麦克君','http://localhost:8080/images/1561385214.jpg'),(2,1,'我感觉大概率能录上，提前恭喜你了',3,1,1,1,'2019-06-24 22:26:23','李荣浩','麦克君','http://localhost:8080/images/1561385267.jpg'),(5,1,'啊啊啊真的吗？谢谢学姐学长们！！！',1,1,1,0,'2019-06-24 22:26:58','麦克君','麦克君','http://localhost:8080/images/1561385249.jpg'),(9,1,'哈哈哈哈',1,1,0,0,'2019-06-25 01:37:31','麦克君','麦克君','http://localhost:8080/images/1561385249.jpg'),(10,1,'2222',1,1,1,0,'2019-06-25 02:28:23','麦克君','麦克君','http://localhost:8080/images/1561385249.jpg'),(24,8,'海大中外合作要看什么学院什么专业，我只知道国际旅游学院有酒店管理，行政管理，人文城乡规划三个专业，学费一年6万\r\n不过如果是国旅的兄弟姐妹我很开心哦哈哈如果要来咱们可以聊聊，给你说下情况',5,4,0,0,'2019-06-25 21:02:41','陌城陌路sun','几何画板版本号','http://localhost:8080/images/1561467688.jpg'),(25,8,'收费高，但是双文凭，全英文',5,4,0,0,'2019-06-25 21:02:58','陌城陌路sun','几何画板版本号','http://localhost:8080/images/1561467688.jpg'),(26,9,'人文地理理论为主吧，想要从事专业相关估计得上到博士，另外还可以考公务员',5,4,0,0,'2019-06-25 21:03:39','陌城陌路sun','几何画板版本号','http://localhost:8080/images/1561467688.jpg'),(27,9,'这有一个中外合作行政管理的 貌似是一个院',5,4,0,0,'2019-06-25 21:03:57','陌城陌路sun','几何画板版本号','http://localhost:8080/images/1561467688.jpg'),(28,9,'啊终于找到同伙阿不…同伴啦啊啊啊！',5,4,0,0,'2019-06-25 21:05:18','陌城陌路sun','几何画板版本号','http://localhost:8080/images/1561467688.jpg'),(29,12,'禁止在此贴回复其他无关新生咨询问题。特别是广告，色情，虚假信息。违者一律黑名单。希望给新生多留点有用的信息，多谢合作。',6,6,0,0,'2019-06-25 21:10:45','嘤嘤嘤嘤嘤嘤','嘤嘤嘤嘤嘤嘤','http://localhost:8080/images/1561468102.jpg'),(30,8,'出租教工宿舍楼两室一厅一厨一卫的一个主卧，20平方左右，820一月，包水费，网费，不包电费，家具齐全，拿包就来住，押一付一，有正规职业。',6,4,0,0,'2019-06-25 21:15:57','嘤嘤嘤嘤嘤嘤','几何画板版本号','http://localhost:8080/images/1561468102.jpg'),(31,8,'大四狗出个旧笔记本，联想e431，整机完好，办公、影音、lol运行流畅无压力，成色如图，重装了系统还没动（win10专业版），九百不议价，可短信联系13086058493，来十栋看本子，另外离校前台式应该也会出，自己组装的性能没话说，外加一个一加x手机，先预告一下，有意联系',6,4,0,0,'2019-06-25 21:16:35','嘤嘤嘤嘤嘤嘤','几何画板版本号','http://localhost:8080/images/1561468102.jpg'),(32,9,'大四狗出个旧笔记本，联想e431，整机完好，办公、影音、lol运行流畅无压力，成色如图，重装了系统还没动（win10专业版），九百不议价，可短信联系13086058493，来十栋看本子，另外离校前台式应该也会出，自己组装的性能没话说，外加一个一加x手机，先预告一下，有意联系',6,4,0,0,'2019-06-25 21:16:49','嘤嘤嘤嘤嘤嘤','几何画板版本号','http://localhost:8080/images/1561468102.jpg'),(33,9,'全新qcy蓝牙耳机，单耳，双耳都可以使全新用，京东296入，现45出，荣耀畅玩手环a1，可以来电提醒，设置闹钟，计步，测心率，睡眠监测，等等，京东129入，全新的，65出，小米耳机全新未拆，25出，全新未拆vivo充电宝45出，5000毫安，有意QQ1746930741',6,4,0,0,'2019-06-25 21:17:10','嘤嘤嘤嘤嘤嘤','几何画板版本号','http://localhost:8080/images/1561468102.jpg'),(34,10,'全新qcy蓝牙耳机，单耳，双耳都可以使全新用，京东296入，现45出，荣耀畅玩手环a1，可以来电提醒，设置闹钟，计步，测心率，睡眠监测，等等，京东129入，全新的，65出，小米耳机全新未拆，25出，全新未拆vivo充电宝45出，5000毫安，有意QQ1746930741',6,5,0,0,'2019-06-25 21:17:21','嘤嘤嘤嘤嘤嘤','陌城陌路sun','http://localhost:8080/images/1561468102.jpg'),(35,10,'全新qcy蓝牙耳机，单耳，双耳都可以使全新用，京东296入，现45出，荣耀畅玩手环a1，可以来电提醒，设置闹钟，计步，测心率，睡眠监测，等等，京东129入，全新的，65出，小米耳机全新未拆，25出，全新未拆vivo充电宝45出，5000毫安，有意QQ1746930741',6,5,0,0,'2019-06-25 21:17:27','嘤嘤嘤嘤嘤嘤','陌城陌路sun','http://localhost:8080/images/1561468102.jpg'),(36,11,'全新qcy蓝牙耳机，单耳，双耳都可以使全新用，京东296入，现45出，荣耀畅玩手环a1，可以来电提醒，设置闹钟，计步，测心率，睡眠监测，等等，京东129入，全新的，65出，小米耳机全新未拆，25出，全新未拆vivo充电宝45出，5000毫安，有意QQ1746930741',6,5,0,0,'2019-06-25 21:17:46','嘤嘤嘤嘤嘤嘤','陌城陌路sun','http://localhost:8080/images/1561468102.jpg'),(37,11,'全新qcy蓝牙耳机，单耳，双耳都可以使全新用，京东296入，现45出，荣耀畅玩手环a1，可以来电提醒，设置闹钟，计步，测心率，睡眠监测，等等，京东129入，全新的，65出，小米耳机全新未拆，25出，全新未拆vivo充电宝45出，5000毫安，有意QQ1746930741',6,5,0,0,'2019-06-25 21:17:49','嘤嘤嘤嘤嘤嘤','陌城陌路sun','http://localhost:8080/images/1561468102.jpg'),(38,8,'豆浆机 多肉 罗莱家纺床垫 大甩卖 电话同微信18876160462 贴吧不回复，因为基本不上贴吧\r\n1.九阳豆浆机，299买的，还很新(如图)，120出\r\n2.各种多肉，带盆的不带盆的都有，2元起\r\n3.罗莱家纺的床垫，尺寸90×200，原价快300，75出\r\n打包买给优惠，单件东西不议价，平时很忙不上贴吧，请直接电话或微信，18876160462 非诚勿扰',6,4,0,0,'2019-06-25 21:18:17','嘤嘤嘤嘤嘤嘤','几何画板版本号','http://localhost:8080/images/1561468102.jpg'),(39,9,'豆浆机 多肉 罗莱家纺床垫 大甩卖 电话同微信18876160462 贴吧不回复，因为基本不上贴吧\r\n1.九阳豆浆机，299买的，还很新(如图)，120出\r\n2.各种多肉，带盆的不带盆的都有，2元起\r\n3.罗莱家纺的床垫，尺寸90×200，原价快300，75出\r\n打包买给优惠，单件东西不议价，平时很忙不上贴吧，请直接电话或微信，18876160462 非诚勿扰',6,4,0,0,'2019-06-25 21:18:25','嘤嘤嘤嘤嘤嘤','几何画板版本号','http://localhost:8080/images/1561468102.jpg'),(40,10,'豆浆机 多肉 罗莱家纺床垫 大甩卖 电话同微信18876160462 贴吧不回复，因为基本不上贴吧\r\n1.九阳豆浆机，299买的，还很新(如图)，120出\r\n2.各种多肉，带盆的不带盆的都有，2元起\r\n3.罗莱家纺的床垫，尺寸90×200，原价快300，75出\r\n打包买给优惠，单件东西不议价，平时很忙不上贴吧，请直接电话或微信，18876160462 非诚勿扰',6,5,0,0,'2019-06-25 21:18:32','嘤嘤嘤嘤嘤嘤','陌城陌路sun','http://localhost:8080/images/1561468102.jpg'),(41,11,'豆浆机 多肉 罗莱家纺床垫 大甩卖 电话同微信18876160462 贴吧不回复，因为基本不上贴吧\r\n1.九阳豆浆机，299买的，还很新(如图)，120出\r\n2.各种多肉，带盆的不带盆的都有，2元起\r\n3.罗莱家纺的床垫，尺寸90×200，原价快300，75出\r\n打包买给优惠，单件东西不议价，平时很忙不上贴吧，请直接电话或微信，18876160462 非诚勿扰',6,5,0,0,'2019-06-25 21:18:37','嘤嘤嘤嘤嘤嘤','陌城陌路sun','http://localhost:8080/images/1561468102.jpg'),(42,12,'豆浆机 多肉 罗莱家纺床垫 大甩卖 电话同微信18876160462 贴吧不回复，因为基本不上贴吧\r\n1.九阳豆浆机，299买的，还很新(如图)，120出\r\n2.各种多肉，带盆的不带盆的都有，2元起\r\n3.罗莱家纺的床垫，尺寸90×200，原价快300，75出\r\n打包买给优惠，单件东西不议价，平时很忙不上贴吧，请直接电话或微信，18876160462 非诚勿扰',6,6,0,0,'2019-06-25 21:18:46','嘤嘤嘤嘤嘤嘤','嘤嘤嘤嘤嘤嘤','http://localhost:8080/images/1561468102.jpg'),(43,12,'豆浆机 多肉 罗莱家纺床垫 大甩卖 电话同微信18876160462 贴吧不回复，因为基本不上贴吧\r\n1.九阳豆浆机，299买的，还很新(如图)，120出\r\n2.各种多肉，带盆的不带盆的都有，2元起\r\n3.罗莱家纺的床垫，尺寸90×200，原价快300，75出\r\n打包买给优惠，单件东西不议价，平时很忙不上贴吧，请直接电话或微信，18876160462 非诚勿扰',6,6,0,0,'2019-06-25 21:18:49','嘤嘤嘤嘤嘤嘤','嘤嘤嘤嘤嘤嘤','http://localhost:8080/images/1561468102.jpg'),(44,14,'豆浆机 多肉 罗莱家纺床垫 大甩卖 电话同微信18876160462 贴吧不回复，因为基本不上贴吧\r\n1.九阳豆浆机，299买的，还很新(如图)，120出\r\n2.各种多肉，带盆的不带盆的都有，2元起\r\n3.罗莱家纺的床垫，尺寸90×200，原价快300，75出\r\n打包买给优惠，单件东西不议价，平时很忙不上贴吧，请直接电话或微信，18876160462 非诚勿扰',6,6,0,0,'2019-06-25 21:19:19','嘤嘤嘤嘤嘤嘤','嘤嘤嘤嘤嘤嘤','http://localhost:8080/images/1561468102.jpg'),(45,14,'豆浆机 多肉 罗莱家纺床垫 大甩卖 电话同微信18876160462 贴吧不回复，因为基本不上贴吧\r\n1.九阳豆浆机，299买的，还很新(如图)，120出\r\n2.各种多肉，带盆的不带盆的都有，2元起\r\n3.罗莱家纺的床垫，尺寸90×200，原价快300，75出\r\n打包买给优惠，单件东西不议价，平时很忙不上贴吧，请直接电话或微信，18876160462 非诚勿扰',6,6,0,0,'2019-06-25 21:19:22','嘤嘤嘤嘤嘤嘤','嘤嘤嘤嘤嘤嘤','http://localhost:8080/images/1561468102.jpg'),(48,12,'出健身卡一张，地点海甸城6楼21天健身房。 \r\n本人有事需回老家，21天健身房健身卡转让:\r\n2年健身卡转让价格:1000元(可小刀，还剩1年10个月) 现在是1399一年，所以机会难得。健身馆有热水洗澡房，每天都有课程，瑜伽，芭蕾，动感单车，爵士舞等，包含一次免费转卡，两次停卡期\r\n有意者私戳\r\n健身房地址:海甸岛二东路海甸城6楼21天健身房',7,6,0,0,'2019-06-25 21:22:17','白花花的小豹纹','嘤嘤嘤嘤嘤嘤','http://localhost:8080/images/1561468835.jpg'),(49,11,'出健身卡一张，地点海甸城6楼21天健身房。 \r\n本人有事需回老家，21天健身房健身卡转让:\r\n2年健身卡转让价格:1000元(可小刀，还剩1年10个月) 现在是1399一年，所以机会难得。健身馆有热水洗澡房，每天都有课程，瑜伽，芭蕾，动感单车，爵士舞等，包含一次免费转卡，两次停卡期\r\n有意者私戳\r\n健身房地址:海甸岛二东路海甸城6楼21天健身房',7,5,0,0,'2019-06-25 21:22:23','白花花的小豹纹','陌城陌路sun','http://localhost:8080/images/1561468835.jpg'),(50,10,'出健身卡一张，地点海甸城6楼21天健身房。 \r\n本人有事需回老家，21天健身房健身卡转让:\r\n2年健身卡转让价格:1000元(可小刀，还剩1年10个月) 现在是1399一年，所以机会难得。健身馆有热水洗澡房，每天都有课程，瑜伽，芭蕾，动感单车，爵士舞等，包含一次免费转卡，两次停卡期\r\n有意者私戳\r\n健身房地址:海甸岛二东路海甸城6楼21天健身房',7,5,0,0,'2019-06-25 21:22:30','白花花的小豹纹','陌城陌路sun','http://localhost:8080/images/1561468835.jpg'),(51,8,'出健身卡一张，地点海甸城6楼21天健身房。 \r\n本人有事需回老家，21天健身房健身卡转让:\r\n2年健身卡转让价格:1000元(可小刀，还剩1年10个月) 现在是1399一年，所以机会难得。健身馆有热水洗澡房，每天都有课程，瑜伽，芭蕾，动感单车，爵士舞等，包含一次免费转卡，两次停卡期\r\n有意者私戳\r\n健身房地址:海甸岛二东路海甸城6楼21天健身房',7,4,0,0,'2019-06-25 21:22:37','白花花的小豹纹','几何画板版本号','http://localhost:8080/images/1561468835.jpg'),(52,9,'出健身卡一张，地点海甸城6楼21天健身房。 \r\n本人有事需回老家，21天健身房健身卡转让:\r\n2年健身卡转让价格:1000元(可小刀，还剩1年10个月) 现在是1399一年，所以机会难得。健身馆有热水洗澡房，每天都有课程，瑜伽，芭蕾，动感单车，爵士舞等，包含一次免费转卡，两次停卡期\r\n有意者私戳\r\n健身房地址:海甸岛二东路海甸城6楼21天健身房',7,4,0,0,'2019-06-25 21:22:43','白花花的小豹纹','几何画板版本号','http://localhost:8080/images/1561468835.jpg'),(53,14,'出健身卡一张，地点海甸城6楼21天健身房。 \r\n本人有事需回老家，21天健身房健身卡转让:\r\n2年健身卡转让价格:1000元(可小刀，还剩1年10个月) 现在是1399一年，所以机会难得。健身馆有热水洗澡房，每天都有课程，瑜伽，芭蕾，动感单车，爵士舞等，包含一次免费转卡，两次停卡期\r\n有意者私戳\r\n健身房地址:海甸岛二东路海甸城6楼21天健身房',7,6,0,0,'2019-06-25 21:22:50','白花花的小豹纹','嘤嘤嘤嘤嘤嘤','http://localhost:8080/images/1561468835.jpg'),(54,16,'出自用台式电脑 本来是攒来打游戏的 现毕业在即 挥泪4500出手（青龙偃月刀出门左转 一分钱一分货 淘宝整机你敢买？）（1080p22英寸ips显示器一起出优惠 单出500 可上门自己看成色） I5 6500CPU 1060 6g显卡助你通杀各大游戏 各大软件 组装时间为一年左右 但不经常使用 成色非常好 赶上 内存显卡疯长时节 学长电脑值得入手 海大内可上门体验 面谈 有意联系qq578497340',8,8,0,0,'2019-06-25 21:26:05','逊哥V5995','逊哥V5995','http://localhost:8080/images/1561469122.jpg'),(55,16,'出自用台式电脑 本来是攒来打游戏的 现毕业在即 挥泪4500出手（青龙偃月刀出门左转 一分钱一分货 淘宝整机你敢买？）（1080p22英寸ips显示器一起出优惠 单出500 可上门自己看成色） I5 6500CPU 1060 6g显卡助你通杀各大游戏 各大软件 组装时间为一年左右 但不经常使用 成色非常好 赶上 内存显卡疯长时节 学长电脑值得入手 海大内可上门体验 面谈 有意联系qq578497340',8,8,0,0,'2019-06-25 21:26:08','逊哥V5995','逊哥V5995','http://localhost:8080/images/1561469122.jpg'),(56,15,'出自用台式电脑 本来是攒来打游戏的 现毕业在即 挥泪4500出手（青龙偃月刀出门左转 一分钱一分货 淘宝整机你敢买？）（1080p22英寸ips显示器一起出优惠 单出500 可上门自己看成色） I5 6500CPU 1060 6g显卡助你通杀各大游戏 各大软件 组装时间为一年左右 但不经常使用 成色非常好 赶上 内存显卡疯长时节 学长电脑值得入手 海大内可上门体验 面谈 有意联系qq578497340',8,7,0,0,'2019-06-25 21:26:13','逊哥V5995','白花花的小豹纹','http://localhost:8080/images/1561469122.jpg'),(57,14,'出自用台式电脑 本来是攒来打游戏的 现毕业在即 挥泪4500出手（青龙偃月刀出门左转 一分钱一分货 淘宝整机你敢买？）（1080p22英寸ips显示器一起出优惠 单出500 可上门自己看成色） I5 6500CPU 1060 6g显卡助你通杀各大游戏 各大软件 组装时间为一年左右 但不经常使用 成色非常好 赶上 内存显卡疯长时节 学长电脑值得入手 海大内可上门体验 面谈 有意联系qq578497340',8,6,0,0,'2019-06-25 21:26:19','逊哥V5995','嘤嘤嘤嘤嘤嘤','http://localhost:8080/images/1561469122.jpg'),(58,12,'出自用台式电脑 本来是攒来打游戏的 现毕业在即 挥泪4500出手（青龙偃月刀出门左转 一分钱一分货 淘宝整机你敢买？）（1080p22英寸ips显示器一起出优惠 单出500 可上门自己看成色） I5 6500CPU 1060 6g显卡助你通杀各大游戏 各大软件 组装时间为一年左右 但不经常使用 成色非常好 赶上 内存显卡疯长时节 学长电脑值得入手 海大内可上门体验 面谈 有意联系qq578497340',8,6,0,0,'2019-06-25 21:26:31','逊哥V5995','嘤嘤嘤嘤嘤嘤','http://localhost:8080/images/1561469122.jpg'),(59,12,'出自用台式电脑 本来是攒来打游戏的 现毕业在即 挥泪4500出手（青龙偃月刀出门左转 一分钱一分货 淘宝整机你敢买？）（1080p22英寸ips显示器一起出优惠 单出500 可上门自己看成色） I5 6500CPU 1060 6g显卡助你通杀各大游戏 各大软件 组装时间为一年左右 但不经常使用 成色非常好 赶上 内存显卡疯长时节 学长电脑值得入手 海大内可上门体验 面谈 有意联系qq578497340',8,6,0,0,'2019-06-25 21:26:34','逊哥V5995','嘤嘤嘤嘤嘤嘤','http://localhost:8080/images/1561469122.jpg'),(60,11,'出自用台式电脑 本来是攒来打游戏的 现毕业在即 挥泪4500出手（青龙偃月刀出门左转 一分钱一分货 淘宝整机你敢买？）（1080p22英寸ips显示器一起出优惠 单出500 可上门自己看成色） I5 6500CPU 1060 6g显卡助你通杀各大游戏 各大软件 组装时间为一年左右 但不经常使用 成色非常好 赶上 内存显卡疯长时节 学长电脑值得入手 海大内可上门体验 面谈 有意联系qq578497340',8,5,0,0,'2019-06-25 21:26:46','逊哥V5995','陌城陌路sun','http://localhost:8080/images/1561469122.jpg'),(61,11,'出自用台式电脑 本来是攒来打游戏的 现毕业在即 挥泪4500出手（青龙偃月刀出门左转 一分钱一分货 淘宝整机你敢买？）（1080p22英寸ips显示器一起出优惠 单出500 可上门自己看成色） I5 6500CPU 1060 6g显卡助你通杀各大游戏 各大软件 组装时间为一年左右 但不经常使用 成色非常好 赶上 内存显卡疯长时节 学长电脑值得入手 海大内可上门体验 面谈 有意联系qq578497340',8,5,0,0,'2019-06-25 21:26:49','逊哥V5995','陌城陌路sun','http://localhost:8080/images/1561469122.jpg'),(62,10,'出自用台式电脑 本来是攒来打游戏的 现毕业在即 挥泪4500出手（青龙偃月刀出门左转 一分钱一分货 淘宝整机你敢买？）（1080p22英寸ips显示器一起出优惠 单出500 可上门自己看成色） I5 6500CPU 1060 6g显卡助你通杀各大游戏 各大软件 组装时间为一年左右 但不经常使用 成色非常好 赶上 内存显卡疯长时节 学长电脑值得入手 海大内可上门体验 面谈 有意联系qq578497340',8,5,0,0,'2019-06-25 21:26:55','逊哥V5995','陌城陌路sun','http://localhost:8080/images/1561469122.jpg'),(63,10,'出自用台式电脑 本来是攒来打游戏的 现毕业在即 挥泪4500出手（青龙偃月刀出门左转 一分钱一分货 淘宝整机你敢买？）（1080p22英寸ips显示器一起出优惠 单出500 可上门自己看成色） I5 6500CPU 1060 6g显卡助你通杀各大游戏 各大软件 组装时间为一年左右 但不经常使用 成色非常好 赶上 内存显卡疯长时节 学长电脑值得入手 海大内可上门体验 面谈 有意联系qq578497340',8,5,0,0,'2019-06-25 21:26:58','逊哥V5995','陌城陌路sun','http://localhost:8080/images/1561469122.jpg'),(64,9,'出自用台式电脑 本来是攒来打游戏的 现毕业在即 挥泪4500出手（青龙偃月刀出门左转 一分钱一分货 淘宝整机你敢买？）（1080p22英寸ips显示器一起出优惠 单出500 可上门自己看成色） I5 6500CPU 1060 6g显卡助你通杀各大游戏 各大软件 组装时间为一年左右 但不经常使用 成色非常好 赶上 内存显卡疯长时节 学长电脑值得入手 海大内可上门体验 面谈 有意联系qq578497340',8,4,0,0,'2019-06-25 21:27:05','逊哥V5995','几何画板版本号','http://localhost:8080/images/1561469122.jpg'),(65,9,'出自用台式电脑 本来是攒来打游戏的 现毕业在即 挥泪4500出手（青龙偃月刀出门左转 一分钱一分货 淘宝整机你敢买？）（1080p22英寸ips显示器一起出优惠 单出500 可上门自己看成色） I5 6500CPU 1060 6g显卡助你通杀各大游戏 各大软件 组装时间为一年左右 但不经常使用 成色非常好 赶上 内存显卡疯长时节 学长电脑值得入手 海大内可上门体验 面谈 有意联系qq578497340',8,4,0,0,'2019-06-25 21:27:09','逊哥V5995','几何画板版本号','http://localhost:8080/images/1561469122.jpg'),(66,9,'出自用台式电脑 本来是攒来打游戏的 现毕业在即 挥泪4500出手（青龙偃月刀出门左转 一分钱一分货 淘宝整机你敢买？）（1080p22英寸ips显示器一起出优惠 单出500 可上门自己看成色） I5 6500CPU 1060 6g显卡助你通杀各大游戏 各大软件 组装时间为一年左右 但不经常使用 成色非常好 赶上 内存显卡疯长时节 学长电脑值得入手 海大内可上门体验 面谈 有意联系qq578497340',8,4,0,0,'2019-06-25 21:27:17','逊哥V5995','几何画板版本号','http://localhost:8080/images/1561469122.jpg'),(67,8,'出自用台式电脑 本来是攒来打游戏的 现毕业在即 挥泪4500出手（青龙偃月刀出门左转 一分钱一分货 淘宝整机你敢买？）（1080p22英寸ips显示器一起出优惠 单出500 可上门自己看成色） I5 6500CPU 1060 6g显卡助你通杀各大游戏 各大软件 组装时间为一年左右 但不经常使用 成色非常好 赶上 内存显卡疯长时节 学长电脑值得入手 海大内可上门体验 面谈 有意联系qq578497340',8,4,0,0,'2019-06-25 21:27:28','逊哥V5995','几何画板版本号','http://localhost:8080/images/1561469122.jpg'),(68,8,'出自用台式电脑 本来是攒来打游戏的 现毕业在即 挥泪4500出手（青龙偃月刀出门左转 一分钱一分货 淘宝整机你敢买？）（1080p22英寸ips显示器一起出优惠 单出500 可上门自己看成色） I5 6500CPU 1060 6g显卡助你通杀各大游戏 各大软件 组装时间为一年左右 但不经常使用 成色非常好 赶上 内存显卡疯长时节 学长电脑值得入手 海大内可上门体验 面谈 有意联系qq578497340',8,4,0,0,'2019-06-25 21:27:32','逊哥V5995','几何画板版本号','http://localhost:8080/images/1561469122.jpg'),(69,16,'最后，特别鸣谢本次活动赞助商：有局轰趴馆＆海口鑫天地驾校',8,8,0,0,'2019-06-25 21:29:40','逊哥V5995','逊哥V5995','http://localhost:8080/images/1561469122.jpg'),(70,18,'关于高温天气宿舍该不该开空调是很多吧友亲身经历的问题，请大家尽情发表言论！',9,9,0,0,'2019-06-25 21:33:11','贴吧小baby','贴吧小baby','http://localhost:8080/images/1561469543.jpg'),(71,17,'关于高温天气宿舍该不该开空调是很多吧友亲身经历的问题，请大家尽情发表言论！',9,8,0,0,'2019-06-25 21:33:19','贴吧小baby','逊哥V5995','http://localhost:8080/images/1561469543.jpg'),(72,15,'关于高温天气宿舍该不该开空调是很多吧友亲身经历的问题，请大家尽情发表言论！',9,7,0,0,'2019-06-25 21:33:24','贴吧小baby','白花花的小豹纹','http://localhost:8080/images/1561469543.jpg'),(73,15,'关于高温天气宿舍该不该开空调是很多吧友亲身经历的问题，请大家尽情发表言论！',9,7,0,0,'2019-06-25 21:33:27','贴吧小baby','白花花的小豹纹','http://localhost:8080/images/1561469543.jpg'),(74,15,'关于高温天气宿舍该不该开空调是很多吧友亲身经历的问题，请大家尽情发表言论！',9,7,0,0,'2019-06-25 21:33:29','贴吧小baby','白花花的小豹纹','http://localhost:8080/images/1561469543.jpg'),(75,15,'关于高温天气宿舍该不该开空调是很多吧友亲身经历的问题，请大家尽情发表言论！',9,7,0,0,'2019-06-25 21:33:32','贴吧小baby','白花花的小豹纹','http://localhost:8080/images/1561469543.jpg'),(76,14,'关于高温天气宿舍该不该开空调是很多吧友亲身经历的问题，请大家尽情发表言论！',9,6,0,0,'2019-06-25 21:33:43','贴吧小baby','嘤嘤嘤嘤嘤嘤','http://localhost:8080/images/1561469543.jpg'),(77,14,'关于高温天气宿舍该不该开空调是很多吧友亲身经历的问题，请大家尽情发表言论！',9,6,0,0,'2019-06-25 21:33:46','贴吧小baby','嘤嘤嘤嘤嘤嘤','http://localhost:8080/images/1561469543.jpg'),(78,11,'关于高温天气宿舍该不该开空调是很多吧友亲身经历的问题，请大家尽情发表言论！',9,5,0,0,'2019-06-25 21:33:52','贴吧小baby','陌城陌路sun','http://localhost:8080/images/1561469543.jpg'),(79,11,'关于高温天气宿舍该不该开空调是很多吧友亲身经历的问题，请大家尽情发表言论！',9,5,0,0,'2019-06-25 21:33:55','贴吧小baby','陌城陌路sun','http://localhost:8080/images/1561469543.jpg'),(80,9,'关于高温天气宿舍该不该开空调是很多吧友亲身经历的问题，请大家尽情发表言论！',9,4,0,0,'2019-06-25 21:34:02','贴吧小baby','几何画板版本号','http://localhost:8080/images/1561469543.jpg'),(81,9,'关于高温天气宿舍该不该开空调是很多吧友亲身经历的问题，请大家尽情发表言论！',9,4,0,0,'2019-06-25 21:34:05','贴吧小baby','几何画板版本号','http://localhost:8080/images/1561469543.jpg'),(82,8,'关于高温天气宿舍该不该开空调是很多吧友亲身经历的问题，请大家尽情发表言论！',9,4,0,0,'2019-06-25 21:34:12','贴吧小baby','几何画板版本号','http://localhost:8080/images/1561469543.jpg'),(83,8,'关于高温天气宿舍该不该开空调是很多吧友亲身经历的问题，请大家尽情发表言论！',9,4,0,0,'2019-06-25 21:34:15','贴吧小baby','几何画板版本号','http://localhost:8080/images/1561469543.jpg'),(84,8,'关于高温天气宿舍该不该开空调是很多吧友亲身经历的问题，请大家尽情发表言论！',9,4,0,0,'2019-06-25 21:34:18','贴吧小baby','几何画板版本号','http://localhost:8080/images/1561469543.jpg'),(85,17,'关于高温天气宿舍该不该开空调是很多吧友亲身经历的问题，请大家尽情发表言论！',9,8,0,0,'2019-06-25 21:34:25','贴吧小baby','逊哥V5995','http://localhost:8080/images/1561469543.jpg'),(86,17,'关于高温天气宿舍该不该开空调是很多吧友亲身经历的问题，请大家尽情发表言论！',9,8,0,0,'2019-06-25 21:34:27','贴吧小baby','逊哥V5995','http://localhost:8080/images/1561469543.jpg'),(87,17,'关于高温天气宿舍该不该开空调是很多吧友亲身经历的问题，请大家尽情发表言论！',9,8,0,0,'2019-06-25 21:34:29','贴吧小baby','逊哥V5995','http://localhost:8080/images/1561469543.jpg'),(88,17,'关于高温天气宿舍该不该开空调是很多吧友亲身经历的问题，请大家尽情发表言论！',9,8,0,0,'2019-06-25 21:34:32','贴吧小baby','逊哥V5995','http://localhost:8080/images/1561469543.jpg'),(89,18,'关于高温天气宿舍该不该开空调是很多吧友亲身经历的问题，请大家尽情发表言论！',9,9,0,0,'2019-06-25 21:34:39','贴吧小baby','贴吧小baby','http://localhost:8080/images/1561469543.jpg'),(90,11,'关于高温天气宿舍该不该开空调是很多吧友亲身经历的问题，请大家尽情发表言论！',9,5,0,0,'2019-06-25 21:34:47','贴吧小baby','陌城陌路sun','http://localhost:8080/images/1561469543.jpg'),(91,10,'关于高温天气宿舍该不该开空调是很多吧友亲身经历的问题，请大家尽情发表言论！',9,5,0,0,'2019-06-25 21:34:51','贴吧小baby','陌城陌路sun','http://localhost:8080/images/1561469543.jpg'),(92,12,'关于高温天气宿舍该不该开空调是很多吧友亲身经历的问题，请大家尽情发表言论！',9,6,0,0,'2019-06-25 21:34:56','贴吧小baby','嘤嘤嘤嘤嘤嘤','http://localhost:8080/images/1561469543.jpg'),(93,1,'关于高温天气宿舍该不该开空调是很多吧友亲身经历的问题，请大家尽情发表言论！',9,1,0,0,'2019-06-25 21:35:06','贴吧小baby','麦克君','http://localhost:8080/images/1561469543.jpg'),(94,1,'关于高温天气宿舍该不该开空调是很多吧友亲身经历的问题，请大家尽情发表言论！',9,1,0,0,'2019-06-25 21:35:12','贴吧小baby','麦克君','http://localhost:8080/images/1561469543.jpg'),(95,14,'关于高温天气宿舍该不该开空调是很多吧友亲身经历的问题，请大家尽情发表言论！',9,6,0,0,'2019-06-25 21:35:17','贴吧小baby','嘤嘤嘤嘤嘤嘤','http://localhost:8080/images/1561469543.jpg'),(96,11,'关于高温天气宿舍该不该开空调是很多吧友亲身经历的问题，请大家尽情发表言论！',9,5,0,0,'2019-06-25 21:35:28','贴吧小baby','陌城陌路sun','http://localhost:8080/images/1561469543.jpg'),(97,17,'不开，开空调一时爽，交电费肉疼！本来宿舍人手一台电脑+手机，电费很高了，再开空调，这么高的电费哪受得了？',9,8,0,0,'2019-06-25 21:35:46','贴吧小baby','逊哥V5995','http://localhost:8080/images/1561469543.jpg'),(98,8,'不开，开空调一时爽，交电费肉疼！本来宿舍人手一台电脑+手机，电费很高了，再开空调，这么高的电费哪受得了？',9,4,0,0,'2019-06-25 21:35:55','贴吧小baby','几何画板版本号','http://localhost:8080/images/1561469543.jpg'),(99,18,'不开，开空调一时爽，交电费肉疼！本来宿舍人手一台电脑+手机，电费很高了，再开空调，这么高的电费哪受得了？',1,9,0,0,'2019-06-25 21:36:38','麦克君','贴吧小baby','http://localhost:8080/images/1561385249.jpg'),(100,18,'不开，开空调一时爽，交电费肉疼！本来宿舍人手一台电脑+手机，电费很高了，再开空调，这么高的电费哪受得了？',1,9,0,0,'2019-06-25 21:36:41','麦克君','贴吧小baby','http://localhost:8080/images/1561385249.jpg'),(101,16,'不开，开空调一时爽，交电费肉疼！本来宿舍人手一台电脑+手机，电费很高了，再开空调，这么高的电费哪受得了？',1,8,0,0,'2019-06-25 21:36:47','麦克君','逊哥V5995','http://localhost:8080/images/1561385249.jpg'),(102,17,'不开，开空调一时爽，交电费肉疼！本来宿舍人手一台电脑+手机，电费很高了，再开空调，这么高的电费哪受得了？',1,8,0,0,'2019-06-25 21:36:52','麦克君','逊哥V5995','http://localhost:8080/images/1561385249.jpg'),(103,17,'不开，开空调一时爽，交电费肉疼！本来宿舍人手一台电脑+手机，电费很高了，再开空调，这么高的电费哪受得了？',1,8,0,0,'2019-06-25 21:36:54','麦克君','逊哥V5995','http://localhost:8080/images/1561385249.jpg'),(104,17,'不开，开空调一时爽，交电费肉疼！本来宿舍人手一台电脑+手机，电费很高了，再开空调，这么高的电费哪受得了？',1,8,0,0,'2019-06-25 21:36:57','麦克君','逊哥V5995','http://localhost:8080/images/1561385249.jpg'),(105,14,'不开，开空调一时爽，交电费肉疼！本来宿舍人手一台电脑+手机，电费很高了，再开空调，这么高的电费哪受得了？',1,6,0,0,'2019-06-25 21:37:03','麦克君','嘤嘤嘤嘤嘤嘤','http://localhost:8080/images/1561385249.jpg'),(106,14,'不开，开空调一时爽，交电费肉疼！本来宿舍人手一台电脑+手机，电费很高了，再开空调，这么高的电费哪受得了？',1,6,0,0,'2019-06-25 21:37:05','麦克君','嘤嘤嘤嘤嘤嘤','http://localhost:8080/images/1561385249.jpg'),(107,15,'不开，开空调一时爽，交电费肉疼！本来宿舍人手一台电脑+手机，电费很高了，再开空调，这么高的电费哪受得了？',1,7,0,0,'2019-06-25 21:37:10','麦克君','白花花的小豹纹','http://localhost:8080/images/1561385249.jpg'),(108,15,'不开，开空调一时爽，交电费肉疼！本来宿舍人手一台电脑+手机，电费很高了，再开空调，这么高的电费哪受得了？',1,7,0,0,'2019-06-25 21:37:12','麦克君','白花花的小豹纹','http://localhost:8080/images/1561385249.jpg'),(109,15,'不开，开空调一时爽，交电费肉疼！本来宿舍人手一台电脑+手机，电费很高了，再开空调，这么高的电费哪受得了？',1,7,0,0,'2019-06-25 21:37:15','麦克君','白花花的小豹纹','http://localhost:8080/images/1561385249.jpg'),(110,12,'不开，开空调一时爽，交电费肉疼！本来宿舍人手一台电脑+手机，电费很高了，再开空调，这么高的电费哪受得了？',1,6,0,0,'2019-06-25 21:37:27','麦克君','嘤嘤嘤嘤嘤嘤','http://localhost:8080/images/1561385249.jpg'),(111,12,'不开，开空调一时爽，交电费肉疼！本来宿舍人手一台电脑+手机，电费很高了，再开空调，这么高的电费哪受得了？',1,6,0,0,'2019-06-25 21:37:30','麦克君','嘤嘤嘤嘤嘤嘤','http://localhost:8080/images/1561385249.jpg'),(112,11,'不开，开空调一时爽，交电费肉疼！本来宿舍人手一台电脑+手机，电费很高了，再开空调，这么高的电费哪受得了？',1,5,0,0,'2019-06-25 21:37:36','麦克君','陌城陌路sun','http://localhost:8080/images/1561385249.jpg'),(113,11,'不开，开空调一时爽，交电费肉疼！本来宿舍人手一台电脑+手机，电费很高了，再开空调，这么高的电费哪受得了？',1,5,0,0,'2019-06-25 21:37:39','麦克君','陌城陌路sun','http://localhost:8080/images/1561385249.jpg'),(114,11,'不开，开空调一时爽，交电费肉疼！本来宿舍人手一台电脑+手机，电费很高了，再开空调，这么高的电费哪受得了？',1,5,0,0,'2019-06-25 21:37:42','麦克君','陌城陌路sun','http://localhost:8080/images/1561385249.jpg'),(115,9,'不开，开空调一时爽，交电费肉疼！本来宿舍人手一台电脑+手机，电费很高了，再开空调，这么高的电费哪受得了？',1,4,0,0,'2019-06-25 21:37:50','麦克君','几何画板版本号','http://localhost:8080/images/1561385249.jpg'),(116,9,'不开，开空调一时爽，交电费肉疼！本来宿舍人手一台电脑+手机，电费很高了，再开空调，这么高的电费哪受得了？',1,4,0,0,'2019-06-25 21:37:53','麦克君','几何画板版本号','http://localhost:8080/images/1561385249.jpg'),(117,8,'不开，开空调一时爽，交电费肉疼！本来宿舍人手一台电脑+手机，电费很高了，再开空调，这么高的电费哪受得了？',1,4,0,0,'2019-06-25 21:38:01','麦克君','几何画板版本号','http://localhost:8080/images/1561385249.jpg'),(118,8,'不开，开空调一时爽，交电费肉疼！本来宿舍人手一台电脑+手机，电费很高了，再开空调，这么高的电费哪受得了？',1,4,0,0,'2019-06-25 21:38:04','麦克君','几何画板版本号','http://localhost:8080/images/1561385249.jpg'),(119,8,'不开，开空调一时爽，交电费肉疼！本来宿舍人手一台电脑+手机，电费很高了，再开空调，这么高的电费哪受得了？',1,4,0,0,'2019-06-25 21:38:08','麦克君','几何画板版本号','http://localhost:8080/images/1561385249.jpg'),(120,18,'海南旭日阳升户外直播工作室招聘女主播\r\n要求：形象气质佳，身材高挑性感。性格开朗，能说会道。\r\n有直播经验者优先\r\n工作地点：海南省范围户外直播。有专车陪同。\r\n全职，所以大四同学优先。\r\n3，包吃包住。底薪+提成\r\n有意向者简历发往514159218@qq.com',1,9,0,0,'2019-06-25 21:40:19','麦克君','贴吧小baby','http://localhost:8080/images/1561385249.jpg'),(121,20,'12月30日晚10.30的飞机\r\n15501836935',2,1,0,0,'2019-06-25 21:43:02','王大锤','麦克君','http://localhost:8080/images/1561385214.jpg'),(122,19,'12月30日晚10.30的飞机\r\n15501836935',2,1,0,0,'2019-06-25 21:43:22','王大锤','麦克君','http://localhost:8080/images/1561385214.jpg'),(123,18,'12月30日晚10.30的飞机\r\n15501836935',2,9,0,0,'2019-06-25 21:43:27','王大锤','贴吧小baby','http://localhost:8080/images/1561385214.jpg'),(124,17,'12月30日晚10.30的飞机\r\n15501836935',2,8,0,0,'2019-06-25 21:43:33','王大锤','逊哥V5995','http://localhost:8080/images/1561385214.jpg'),(125,16,'12月30日晚10.30的飞机\r\n15501836935',2,8,0,0,'2019-06-25 21:43:40','王大锤','逊哥V5995','http://localhost:8080/images/1561385214.jpg'),(126,16,'12月30日晚10.30的飞机\r\n15501836935',2,8,0,0,'2019-06-25 21:43:47','王大锤','逊哥V5995','http://localhost:8080/images/1561385214.jpg'),(127,15,'12月30日晚10.30的飞机\r\n15501836935',2,7,0,0,'2019-06-25 21:43:52','王大锤','白花花的小豹纹','http://localhost:8080/images/1561385214.jpg'),(128,15,'12月30日晚10.30的飞机\r\n15501836935',2,7,0,0,'2019-06-25 21:43:55','王大锤','白花花的小豹纹','http://localhost:8080/images/1561385214.jpg'),(129,14,'12月30日晚10.30的飞机\r\n15501836935',2,6,0,0,'2019-06-25 21:44:03','王大锤','嘤嘤嘤嘤嘤嘤','http://localhost:8080/images/1561385214.jpg'),(130,14,'12月30日晚10.30的飞机\r\n15501836935',2,6,0,0,'2019-06-25 21:44:06','王大锤','嘤嘤嘤嘤嘤嘤','http://localhost:8080/images/1561385214.jpg'),(131,12,'12月30日晚10.30的飞机\r\n15501836935',2,6,0,0,'2019-06-25 21:44:14','王大锤','嘤嘤嘤嘤嘤嘤','http://localhost:8080/images/1561385214.jpg'),(132,12,'12月30日晚10.30的飞机\r\n15501836935',2,6,0,0,'2019-06-25 21:44:17','王大锤','嘤嘤嘤嘤嘤嘤','http://localhost:8080/images/1561385214.jpg'),(133,11,'12月30日晚10.30的飞机\r\n15501836935',2,5,0,0,'2019-06-25 21:44:25','王大锤','陌城陌路sun','http://localhost:8080/images/1561385214.jpg'),(134,11,'12月30日晚10.30的飞机\r\n15501836935',2,5,0,0,'2019-06-25 21:44:28','王大锤','陌城陌路sun','http://localhost:8080/images/1561385214.jpg'),(135,10,'12月30日晚10.30的飞机\r\n15501836935',2,5,0,0,'2019-06-25 21:44:34','王大锤','陌城陌路sun','http://localhost:8080/images/1561385214.jpg'),(136,10,'12月30日晚10.30的飞机\r\n15501836935',2,5,0,0,'2019-06-25 21:44:37','王大锤','陌城陌路sun','http://localhost:8080/images/1561385214.jpg'),(137,8,'12月30日晚10.30的飞机\r\n15501836935',2,4,0,0,'2019-06-25 21:44:45','王大锤','几何画板版本号','http://localhost:8080/images/1561385214.jpg'),(138,8,'12月30日晚10.30的飞机\r\n15501836935',2,4,0,0,'2019-06-25 21:44:49','王大锤','几何画板版本号','http://localhost:8080/images/1561385214.jpg'),(139,22,'1月12号早上7点的飞机 5点左右出发 电话13876268739 微信 feg1996',3,2,0,0,'2019-06-25 21:45:26','李荣浩','王大锤','http://localhost:8080/images/1561385267.jpg'),(140,21,'1月12号早上7点的飞机 5点左右出发 电话13876268739 微信 feg1996',3,2,0,0,'2019-06-25 21:45:30','李荣浩','王大锤','http://localhost:8080/images/1561385267.jpg'),(141,20,'1月12号早上7点的飞机 5点左右出发 电话13876268739 微信 feg1996',3,1,0,0,'2019-06-25 21:46:08','李荣浩','麦克君','http://localhost:8080/images/1561385267.jpg'),(142,19,'1月12号早上7点的飞机 5点左右出发 电话13876268739 微信 feg1996',3,1,0,0,'2019-06-25 21:46:12','李荣浩','麦克君','http://localhost:8080/images/1561385267.jpg'),(143,18,'1月12号早上7点的飞机 5点左右出发 电话13876268739 微信 feg1996',3,9,0,0,'2019-06-25 21:46:18','李荣浩','贴吧小baby','http://localhost:8080/images/1561385267.jpg'),(144,18,'1月12号早上7点的飞机 5点左右出发 电话13876268739 微信 feg1996',3,9,0,0,'2019-06-25 21:46:21','李荣浩','贴吧小baby','http://localhost:8080/images/1561385267.jpg'),(145,17,'1月12号早上7点的飞机 5点左右出发 电话13876268739 微信 feg1996',3,8,0,0,'2019-06-25 21:46:31','李荣浩','逊哥V5995','http://localhost:8080/images/1561385267.jpg'),(146,15,'1月12号早上7点的飞机 5点左右出发 电话13876268739 微信 feg1996',3,7,0,0,'2019-06-25 21:46:37','李荣浩','白花花的小豹纹','http://localhost:8080/images/1561385267.jpg'),(147,10,'1月12号早上7点的飞机 5点左右出发 电话13876268739 微信 feg1996',3,5,0,0,'2019-06-25 21:46:42','李荣浩','陌城陌路sun','http://localhost:8080/images/1561385267.jpg'),(148,10,'1月12号早上7点的飞机 5点左右出发 电话13876268739 微信 feg1996',3,5,0,0,'2019-06-25 21:46:46','李荣浩','陌城陌路sun','http://localhost:8080/images/1561385267.jpg'),(149,15,'1月12号早上7点的飞机 5点左右出发 电话13876268739 微信 feg1996',3,7,0,0,'2019-06-25 21:46:52','李荣浩','白花花的小豹纹','http://localhost:8080/images/1561385267.jpg'),(150,8,'1月12号早上7点的飞机 5点左右出发 电话13876268739 微信 feg1996',3,4,0,0,'2019-06-25 21:47:01','李荣浩','几何画板版本号','http://localhost:8080/images/1561385267.jpg'),(153,11,'1月12号早上7点的飞机 5点左右出发 电话13876268739 微信 feg1996',3,5,0,0,'2019-06-25 21:47:19','李荣浩','陌城陌路sun','http://localhost:8080/images/1561385267.jpg'),(154,11,'1月12号早上7点的飞机 5点左右出发 电话13876268739 微信 feg1996',3,5,0,0,'2019-06-25 21:47:23','李荣浩','陌城陌路sun','http://localhost:8080/images/1561385267.jpg'),(155,25,'1.就业质量：其实各个普通211的就业水平总体都是差不多的，海大也是如此。海大本科毕业生在内地的竞争力一般般，可能会出现比拼不过当地很强的双非（非211非985）一本，如去江西可能在某些专业上不如江西财经大学，去上海在某些专业上可能拼不过华东政法大学。但换做其他普通211也会出现这种情况。而在海南省内就业的话，海大的头衔招牌还是很响亮的，毕竟唯一一所211，这毋庸置疑。\r\n现在很多企业的简历关都会筛选掉本科双非的，就这一方面而言，海大差不多可以过大部分公司的简历关。\r\n',4,4,0,0,'2019-06-25 21:52:20','几何画板版本号','几何画板版本号','http://localhost:8080/images/1561466769.jpg'),(156,25,'2.学术实力：要看学术实力，论文被引数量是最直接的参考标准，这个数据很多排行榜都会有。实际上海大的学术实力确实在211中算差劲的。但lz私以为，除去顶尖211（如苏州大学，南京航空航天大学，上海财经大学这种）以及985，其他普通211的学术实力差别即使有也无关紧要，说的难听点就是“菜鸡互啄”。\r\n如果很在意学术，想做科研，至少要读硕甚至读博。这就基本得靠你自己，当然海大作为211也会给你提供一个不错的平台。',4,4,0,0,'2019-06-25 21:52:26','几何画板版本号','几何画板版本号','http://localhost:8080/images/1561466769.jpg'),(157,25,'3.保研情况：据我了解，海大保研情况在普通211中算比较好的。保研去C9的总数每年都是两位数吧，去清北的每年都有，好的年份清北保送数10+（很多其他211都没有去清北的，有些甚至C9都没有）。貌似去四川大学，天津大学的好像是最多的。具体数据网上可以找到一些年份比较早的，近年的数据也许其他吧友有。\r\n简单的说，想保研的话，只要你够优秀，国内任何一所大学你都可以争取。\r\n如果进了自己不太喜欢的专业，大一学习认真点，大二就可以转专业，难度不大。',4,4,0,0,'2019-06-25 21:52:35','几何画板版本号','几何画板版本号','http://localhost:8080/images/1561466769.jpg'),(158,25,'4.师资力量：目前海大有院士3人，现任校长为骆清铭（之前为华科大副校长，为发展海大学术科研平调过来的）。国内211大学招聘老师最低要求都是本科211以上，博士985毕业，海大自然也是如此。海大师资不算强，但对得起211这个头衔了。',4,4,0,0,'2019-06-25 21:53:09','几何画板版本号','几何画板版本号','http://localhost:8080/images/1561466769.jpg'),(159,25,'lz表达能力差，看官们将就一哈，如有不正还望指出\r\n上述是一些关于学校实力方面的主要问题，下面来说说生活方面的',4,4,0,0,'2019-06-25 21:53:17','几何画板版本号','几何画板版本号','http://localhost:8080/images/1561466769.jpg'),(160,25,'6.生活压力：生活压力分学习压力和消费压力。\r\n海大的条条框框形式主义还是比较少的，最起码校方没有强制的早自习晚自习（以前高中同学的大学很多都有，让人无语，海大顶多就学科评估的时候要小小搞一下）。海大考试试题难度都很简单，平时听听课拿八十分还是没什么问题的。我的各科老师平时分的考核也都不严格，基本都是只要不经常缺勤就是80分，课堂表现好就往上加。总之学业很轻松。\r\n海口的物价水平就全国而言应该算是中上水平，大概和南京苏州这种城市持平，低于上海北京。校外一般小饭店一餐饭十几块吧，校内食堂价格在国内高校算较高的。一荤一素一饭10元，荤菜一般6块素菜一般3块4块。（平时和同学吐槽学校吐槽最多的就是海大食堂）身边的同学大部分一个月生活费都在1200-2500中间，不高也不低（见过有同学内地三线城市一个月五六百就够用的，也有一二线城市三四千都不够花的。）\r\n',4,4,0,0,'2019-06-25 21:53:24','几何画板版本号','几何画板版本号','http://localhost:8080/images/1561466769.jpg'),(161,24,'lz表达能力差，看官们将就一哈，如有不正还望指出 上述是一些关于学校实力方面的主要问题，下面来说说生活方面的',4,3,0,0,'2019-06-25 21:56:44','几何画板版本号','李荣浩','http://localhost:8080/images/1561466769.jpg'),(162,23,'lz表达能力差，看官们将就一哈，如有不正还望指出 上述是一些关于学校实力方面的主要问题，下面来说说生活方面的',4,3,0,0,'2019-06-25 21:56:48','几何画板版本号','李荣浩','http://localhost:8080/images/1561466769.jpg'),(163,22,'lz表达能力差，看官们将就一哈，如有不正还望指出 上述是一些关于学校实力方面的主要问题，下面来说说生活方面的',4,2,0,0,'2019-06-25 21:56:53','几何画板版本号','王大锤','http://localhost:8080/images/1561466769.jpg'),(164,21,'lz表达能力差，看官们将就一哈，如有不正还望指出 上述是一些关于学校实力方面的主要问题，下面来说说生活方面的',4,2,0,0,'2019-06-25 21:56:58','几何画板版本号','王大锤','http://localhost:8080/images/1561466769.jpg'),(165,20,'lz表达能力差，看官们将就一哈，如有不正还望指出 上述是一些关于学校实力方面的主要问题，下面来说说生活方面的',4,1,0,0,'2019-06-25 21:57:03','几何画板版本号','麦克君','http://localhost:8080/images/1561466769.jpg'),(166,20,'lz表达能力差，看官们将就一哈，如有不正还望指出 上述是一些关于学校实力方面的主要问题，下面来说说生活方面的',4,1,0,0,'2019-06-25 21:57:08','几何画板版本号','麦克君','http://localhost:8080/images/1561466769.jpg'),(167,19,'lz表达能力差，看官们将就一哈，如有不正还望指出 上述是一些关于学校实力方面的主要问题，下面来说说生活方面的',4,1,1,0,'2019-06-25 21:57:13','几何画板版本号','麦克君','http://localhost:8080/images/1561466769.jpg'),(168,17,'lz表达能力差，看官们将就一哈，如有不正还望指出 上述是一些关于学校实力方面的主要问题，下面来说说生活方面的',4,8,0,0,'2019-06-25 21:57:20','几何画板版本号','逊哥V5995','http://localhost:8080/images/1561466769.jpg'),(169,21,'lz表达能力差，看官们将就一哈，如有不正还望指出 上述是一些关于学校实力方面的主要问题，下面来说说生活方面的',4,2,0,0,'2019-06-25 21:57:26','几何画板版本号','王大锤','http://localhost:8080/images/1561466769.jpg'),(170,18,'lz表达能力差，看官们将就一哈，如有不正还望指出 上述是一些关于学校实力方面的主要问题，下面来说说生活方面的',4,9,0,0,'2019-06-25 21:57:32','几何画板版本号','贴吧小baby','http://localhost:8080/images/1561466769.jpg'),(171,16,'lz表达能力差，看官们将就一哈，如有不正还望指出 上述是一些关于学校实力方面的主要问题，下面来说说生活方面的',4,8,0,0,'2019-06-25 21:57:41','几何画板版本号','逊哥V5995','http://localhost:8080/images/1561466769.jpg'),(172,14,'lz表达能力差，看官们将就一哈，如有不正还望指出 上述是一些关于学校实力方面的主要问题，下面来说说生活方面的',4,6,0,0,'2019-06-25 21:57:48','几何画板版本号','嘤嘤嘤嘤嘤嘤','http://localhost:8080/images/1561466769.jpg'),(173,12,'lz表达能力差，看官们将就一哈，如有不正还望指出 上述是一些关于学校实力方面的主要问题，下面来说说生活方面的',4,6,0,0,'2019-06-25 21:57:55','几何画板版本号','嘤嘤嘤嘤嘤嘤','http://localhost:8080/images/1561466769.jpg'),(174,12,'lz表达能力差，看官们将就一哈，如有不正还望指出 上述是一些关于学校实力方面的主要问题，下面来说说生活方面的',4,6,0,0,'2019-06-25 21:57:58','几何画板版本号','嘤嘤嘤嘤嘤嘤','http://localhost:8080/images/1561466769.jpg'),(175,16,'lz表达能力差，看官们将就一哈，如有不正还望指出 上述是一些关于学校实力方面的主要问题，下面来说说生活方面的',4,8,0,0,'2019-06-25 21:58:04','几何画板版本号','逊哥V5995','http://localhost:8080/images/1561466769.jpg'),(176,9,'lz表达能力差，看官们将就一哈，如有不正还望指出 上述是一些关于学校实力方面的主要问题，下面来说说生活方面的',4,4,0,0,'2019-06-25 21:58:12','几何画板版本号','几何画板版本号','http://localhost:8080/images/1561466769.jpg'),(177,11,'lz表达能力差，看官们将就一哈，如有不正还望指出 上述是一些关于学校实力方面的主要问题，下面来说说生活方面的',4,5,0,0,'2019-06-25 21:58:22','几何画板版本号','陌城陌路sun','http://localhost:8080/images/1561466769.jpg'),(178,11,'lz表达能力差，看官们将就一哈，如有不正还望指出 上述是一些关于学校实力方面的主要问题，下面来说说生活方面的',4,5,0,0,'2019-06-25 21:58:25','几何画板版本号','陌城陌路sun','http://localhost:8080/images/1561466769.jpg'),(179,8,'lz表达能力差，看官们将就一哈，如有不正还望指出 上述是一些关于学校实力方面的主要问题，下面来说说生活方面的',4,4,0,0,'2019-06-25 21:58:33','几何画板版本号','几何画板版本号','http://localhost:8080/images/1561466769.jpg'),(180,8,'lz表达能力差，看官们将就一哈，如有不正还望指出 上述是一些关于学校实力方面的主要问题，下面来说说生活方面的',4,4,0,0,'2019-06-25 21:58:37','几何画板版本号','几何画板版本号','http://localhost:8080/images/1561466769.jpg'),(181,8,'lz表达能力差，看官们将就一哈，如有不正还望指出 上述是一些关于学校实力方面的主要问题，下面来说说生活方面的',4,4,0,0,'2019-06-25 21:58:48','几何画板版本号','几何画板版本号','http://localhost:8080/images/1561466769.jpg');

/*Table structure for table `note` */

DROP TABLE IF EXISTS `note`;

CREATE TABLE `note` (
  `nid` int(11) NOT NULL AUTO_INCREMENT,
  `content` text NOT NULL,
  `uid` int(11) NOT NULL,
  `uname` varchar(255) NOT NULL,
  `topic` varchar(255) NOT NULL,
  `TIME` timestamp NOT NULL DEFAULT CURRENT_TIMESTAMP,
  `reward` int(11) NOT NULL,
  `seenum` int(11) NOT NULL,
  `comnum` int(11) NOT NULL,
  `avatar` varchar(255) DEFAULT NULL,
  PRIMARY KEY (`nid`),
  KEY `uid` (`uid`),
  CONSTRAINT `note_ibfk_1` FOREIGN KEY (`uid`) REFERENCES `user` (`uid`) ON DELETE CASCADE ON UPDATE CASCADE
) ENGINE=InnoDB AUTO_INCREMENT=26 DEFAULT CHARSET=utf8;

/*Data for the table `note` */

insert  into `note`(`nid`,`content`,`uid`,`uname`,`topic`,`TIME`,`reward`,`seenum`,`comnum`,`avatar`) values (1,'学长学姐你们好，我是四川19高考学子，高考621分，全省21164名，想报考海南大学自动化专业，请问有多大概率能被录上？',1,'麦克君','高考志愿咨询','2019-06-24 22:10:26',1,74,7,'http://localhost:8080/images/1561385249.jpg'),(8,'<span style=\"color:#333333;font-family:&quot;Helvetica Neue&quot;, Helvetica, Arial, sans-serif;font-size:14px;\">师哥师姐们，我想问一下海南大学中外合作具体情况，什么专业啊？多少费用？网上查不到，拜托了，在安徽的话，海南大学要590，中外合作只要570，我想问问中外合作的情况<br />\r\n<br />\r\n<div style=\"text-align:center;\"><img src=\"http://localhost:8080/images/f6a371cf3bc79f3db8b0e7ffb6a1cd11708b29cd.jpg\" style=\"color:#000000;font-family:&quot;sans serif&quot;, tahoma, verdana, helvetica;font-size:12px;\" /></div>\r\n</span>',4,'几何画板版本号',' 师哥师姐们，我想问一下海南大学中外合作具体情况，什么专业啊？','2019-06-25 20:47:11',20,44,21,'http://localhost:8080/images/1561466769.jpg'),(9,'<span style=\"color:#333333;font-family:&quot;Helvetica Neue&quot;, Helvetica, Arial, sans-serif;font-size:14px;\">急<br />\r\n<div style=\"text-align:center;\"><img src=\"http://localhost:8080/images/9edaac345982b2b733494f423badcbef74099b84.jpg\" style=\"color:#000000;font-family:&quot;sans serif&quot;, tahoma, verdana, helvetica;font-size:12px;\" /></div>\r\n</span>',4,'几何画板版本号','有没有中外合办的地理科学类的同学？能告诉我这是干什么的吗','2019-06-25 20:55:20',30,34,15,'http://localhost:8080/images/1561466769.jpg'),(10,'<span style=\"color:#333333;font-family:&quot;Helvetica Neue&quot;, Helvetica, Arial, sans-serif;font-size:14px;\">海南大学的一本跟二本有什么区别吗，我报贵校的一本是莫得机会的，报二本的话，可以升一本专业吗？</span>',5,'陌城陌路sun','海南大学的一本跟二本有什么区别吗，我报贵校的一本是莫得机会的，报二本的话，可以升一本专业吗？','2019-06-25 21:01:59',10,23,11,'http://localhost:8080/images/1561467688.jpg'),(11,'<span style=\"color:#333333;font-family:&quot;Helvetica Neue&quot;, Helvetica, Arial, sans-serif;font-size:14px;\">如果我能答得出来的话</span><img class=\"BDE_Smiley\" width=\"30\" height=\"30\" changedsize=\"false\" src=\"http://static.tieba.baidu.com/tb/editor/images/client/image_emoticon25.png\" style=\"box-sizing:content-box;border:0px;color:#333333;font-family:&quot;Helvetica Neue&quot;, Helvetica, Arial, sans-serif;font-size:14px;\" /><img class=\"BDE_Smiley\" width=\"30\" height=\"30\" changedsize=\"false\" src=\"http://static.tieba.baidu.com/tb/editor/images/client/image_emoticon25.png\" style=\"box-sizing:content-box;border:0px;color:#333333;font-family:&quot;Helvetica Neue&quot;, Helvetica, Arial, sans-serif;font-size:14px;\" /><img class=\"BDE_Smiley\" width=\"30\" height=\"30\" changedsize=\"false\" src=\"http://static.tieba.baidu.com/tb/editor/images/client/image_emoticon25.png\" style=\"box-sizing:content-box;border:0px;color:#333333;font-family:&quot;Helvetica Neue&quot;, Helvetica, Arial, sans-serif;font-size:14px;\" /><img class=\"BDE_Smiley\" width=\"30\" height=\"30\" changedsize=\"false\" src=\"http://static.tieba.baidu.com/tb/editor/images/client/image_emoticon25.png\" style=\"box-sizing:content-box;border:0px;color:#333333;font-family:&quot;Helvetica Neue&quot;, Helvetica, Arial, sans-serif;font-size:14px;\" /><img class=\"BDE_Smiley\" width=\"30\" height=\"30\" changedsize=\"false\" src=\"http://static.tieba.baidu.com/tb/editor/images/client/image_emoticon25.png\" style=\"box-sizing:content-box;border:0px;color:#333333;font-family:&quot;Helvetica Neue&quot;, Helvetica, Arial, sans-serif;font-size:14px;\" /><img class=\"BDE_Smiley\" width=\"30\" height=\"30\" changedsize=\"false\" src=\"http://static.tieba.baidu.com/tb/editor/images/client/image_emoticon25.png\" style=\"box-sizing:content-box;border:0px;color:#333333;font-family:&quot;Helvetica Neue&quot;, Helvetica, Arial, sans-serif;font-size:14px;\" /><img class=\"BDE_Smiley\" width=\"30\" height=\"30\" changedsize=\"false\" src=\"http://static.tieba.baidu.com/tb/editor/images/client/image_emoticon25.png\" style=\"box-sizing:content-box;border:0px;color:#333333;font-family:&quot;Helvetica Neue&quot;, Helvetica, Arial, sans-serif;font-size:14px;\" /><img class=\"BDE_Smiley\" width=\"30\" height=\"30\" changedsize=\"false\" src=\"http://static.tieba.baidu.com/tb/editor/images/client/image_emoticon25.png\" style=\"box-sizing:content-box;border:0px;color:#333333;font-family:&quot;Helvetica Neue&quot;, Helvetica, Arial, sans-serif;font-size:14px;\" /><img class=\"BDE_Smiley\" width=\"30\" height=\"30\" changedsize=\"false\" src=\"http://static.tieba.baidu.com/tb/editor/images/client/image_emoticon25.png\" style=\"box-sizing:content-box;border:0px;color:#333333;font-family:&quot;Helvetica Neue&quot;, Helvetica, Arial, sans-serif;font-size:14px;\" /><br />\r\n<br />\r\n',5,'陌城陌路sun','海南本地文科考生可以问我问题','2019-06-25 21:07:08',0,34,19,'http://localhost:8080/images/1561467688.jpg'),(12,'<span style=\"color:#333333;font-family:&quot;Helvetica Neue&quot;, Helvetica, Arial, sans-serif;font-size:14px;\">高考又落下帷幕，莘莘学子又将往他们人生的下一站——大学——进发。在此，我仅代表海南大学贴吧吧务团队向你们道声欢迎，欢迎你们来到海大吧。</span><br style=\"box-sizing:content-box;color:#333333;font-family:&quot;Helvetica Neue&quot;, Helvetica, Arial, sans-serif;font-size:14px;\" />\r\n<span style=\"color:#333333;font-family:&quot;Helvetica Neue&quot;, Helvetica, Arial, sans-serif;font-size:14px;\">高考完，绝大多数省份已经出高考成绩了，紧接着就是要填报志愿了。不少新生对于这些可能有不少疑问，故开此贴为新生答疑解惑。</span><br style=\"box-sizing:content-box;color:#333333;font-family:&quot;Helvetica Neue&quot;, Helvetica, Arial, sans-serif;font-size:14px;\" />\r\n<span style=\"color:#333333;font-family:&quot;Helvetica Neue&quot;, Helvetica, Arial, sans-serif;font-size:14px;\">在本帖存在期间，另外开贴宣传新生群的将会被删除，在帖子中回复或者楼中楼回复的一经发现一律删除，并封禁1天；情节严重者封禁3-10天。</span><br style=\"box-sizing:content-box;color:#333333;font-family:&quot;Helvetica Neue&quot;, Helvetica, Arial, sans-serif;font-size:14px;\" />\r\n<span style=\"color:#333333;font-family:&quot;Helvetica Neue&quot;, Helvetica, Arial, sans-serif;font-size:14px;\">另附2019海南大学答疑咨询</span><br style=\"box-sizing:content-box;color:#333333;font-family:&quot;Helvetica Neue&quot;, Helvetica, Arial, sans-serif;font-size:14px;\" />\r\n<span style=\"color:#333333;font-family:&quot;Helvetica Neue&quot;, Helvetica, Arial, sans-serif;font-size:14px;\">群 号: ⑧⑦⑦②⑤⑧③⑨⑦</span><br style=\"box-sizing:content-box;color:#333333;font-family:&quot;Helvetica Neue&quot;, Helvetica, Arial, sans-serif;font-size:14px;\" />\r\n<span style=\"color:#333333;font-family:&quot;Helvetica Neue&quot;, Helvetica, Arial, sans-serif;font-size:14px;\">另：海南大学城西校区吧</span><a href=\"http://jump.bdimg.com/safecheck/index?url=x+Z5mMbGPAs95UolpNuq+CwM2BpViN6QmOAUpYcHEp2wGxP33FDzJiItmOhRorF0tQcmHgpuBhB+kDqhw9e0UU8lC2a7dC20OIGr07/7/+Rb4irNH98C36njxUuyOjYMM4qUe4LQ2BN2Pah4egTNMg==\" target=\"_blank\" rel=\"noopener noreferrer nofollow\" class=\"j-no-opener-url\" style=\"box-sizing:content-box;color:#2d64b3;text-decoration-line:none;outline:0px;font-family:&quot;Helvetica Neue&quot;, Helvetica, Arial, sans-serif;font-size:14px;\">http://tieba.baidu.com/f?kw=%E</a><span style=\"color:#333333;font-family:&quot;Helvetica Neue&quot;, Helvetica, Arial, sans-serif;font-size:14px;\">&nbsp;</span><br style=\"box-sizing:content-box;color:#333333;font-family:&quot;Helvetica Neue&quot;, Helvetica, Arial, sans-serif;font-size:14px;\" />\r\n<span style=\"color:#333333;font-family:&quot;Helvetica Neue&quot;, Helvetica, Arial, sans-serif;font-size:14px;\">海南大学儋州校区吧</span><a href=\"http://jump.bdimg.com/safecheck/index?url=x+Z5mMbGPAs95UolpNuq+CwM2BpViN6QmOAUpYcHEp2fBnK5fVEYfCItmOhRorF0tQcmHgpuBhB+kDqhw9e0UU8lC2a7dC20OIGr07/7/+Rb4irNH98C36njxUuyOjYMM4qUe4LQ2BN2Pah4egTNMg==\" target=\"_blank\" rel=\"noopener noreferrer nofollow\" class=\"j-no-opener-url\" style=\"box-sizing:content-box;color:#2d64b3;text-decoration-line:none;outline:0px;font-family:&quot;Helvetica Neue&quot;, Helvetica, Arial, sans-serif;font-size:14px;\">http://tieba.baidu.com/f?kw=%B</a><span style=\"color:#333333;font-family:&quot;Helvetica Neue&quot;, Helvetica, Arial, sans-serif;font-size:14px;\">@0,sz@1320_1002,ta@iphone_2_4.1_2_5.6&amp;bd_page_type=1&amp;baiduid=B0A6241E89E5F6D6F4DB3F821B1DA0C6&amp;tj=www_normal_1_0_10_title</span><br style=\"box-sizing:content-box;color:#333333;font-family:&quot;Helvetica Neue&quot;, Helvetica, Arial, sans-serif;font-size:14px;\" />\r\n<span style=\"color:#333333;font-family:&quot;Helvetica Neue&quot;, Helvetica, Arial, sans-serif;font-size:14px;\">吧规&nbsp;</span><a href=\"http://jump.bdimg.com/safecheck/index?url=x+Z5mMbGPAs95UolpNuq+CwM2BpViN6QF0BYrUCVRu+SqxTwNRWzMl8H4RQ0yYN1gRcdvbe2ApbsG1MqAZfHcM4c7NnXiZPsdxxPf5mkMFV+1sR4fCNbeSItmOhRorF0tQcmHgpuBhB+kDqhw9e0UU8lC2a7dC20OIGr07/7/+Rb4irNH98C36njxUuyOjYMM4qUe4LQ2BN2Pah4egTNMg==\" target=\"_blank\" rel=\"noopener noreferrer nofollow\" class=\"j-no-opener-url\" style=\"box-sizing:content-box;color:#2d64b3;text-decoration-line:none;outline:0px;font-family:&quot;Helvetica Neue&quot;, Helvetica, Arial, sans-serif;font-size:14px;\">http://tieba.baidu.com/p/4230174534?share=9105&amp;fr=share&amp;see_lz=0</a><span style=\"color:#333333;font-family:&quot;Helvetica Neue&quot;, Helvetica, Arial, sans-serif;font-size:14px;\">&nbsp;</span><br style=\"box-sizing:content-box;color:#333333;font-family:&quot;Helvetica Neue&quot;, Helvetica, Arial, sans-serif;font-size:14px;\" />\r\n<img class=\"BDE_Image\" src=\"http://localhost:8080/images/35cbb219ebc4b7459b995ae1c1fc1e178b821552.jpg\" size=\"134869\" changedsize=\"true\" width=\"560\" height=\"343\" style=\"box-sizing:content-box;border:0px;margin-top:8px;max-width:570px;color:#333333;font-family:&quot;Helvetica Neue&quot;, Helvetica, Arial, sans-serif;font-size:14px;cursor:url(&quot;http://tb2.bdstatic.com/tb/static-pb/img/cur_zin.cur&quot;), pointer;\" />',6,'嘤嘤嘤嘤嘤嘤','2019级新生答疑咨询贴','2019-06-25 21:10:22',0,26,13,'http://localhost:8080/images/1561468102.jpg'),(14,'<span style=\"color:#333333;font-family:&quot;Helvetica Neue&quot;, Helvetica, Arial, sans-serif;font-size:14px;\">豆浆机 多肉 罗莱家纺床垫 大甩卖 电话同微信18876160462 贴吧不回复，因为基本不上贴吧</span><br style=\"box-sizing:content-box;color:#333333;font-family:&quot;Helvetica Neue&quot;, Helvetica, Arial, sans-serif;font-size:14px;\" />\r\n<span style=\"color:#333333;font-family:&quot;Helvetica Neue&quot;, Helvetica, Arial, sans-serif;font-size:14px;\">1.九阳豆浆机，299买的，还很新(如图)，120出</span><br style=\"box-sizing:content-box;color:#333333;font-family:&quot;Helvetica Neue&quot;, Helvetica, Arial, sans-serif;font-size:14px;\" />\r\n<span style=\"color:#333333;font-family:&quot;Helvetica Neue&quot;, Helvetica, Arial, sans-serif;font-size:14px;\">2.各种多肉，带盆的不带盆的都有，2元起</span><br style=\"box-sizing:content-box;color:#333333;font-family:&quot;Helvetica Neue&quot;, Helvetica, Arial, sans-serif;font-size:14px;\" />\r\n<span style=\"color:#333333;font-family:&quot;Helvetica Neue&quot;, Helvetica, Arial, sans-serif;font-size:14px;\">3.罗莱家纺的床垫，尺寸90×200，原价快300，75出</span><br style=\"box-sizing:content-box;color:#333333;font-family:&quot;Helvetica Neue&quot;, Helvetica, Arial, sans-serif;font-size:14px;\" />\r\n<span style=\"color:#333333;font-family:&quot;Helvetica Neue&quot;, Helvetica, Arial, sans-serif;font-size:14px;\">打包买给优惠，单件东西不议价，平时很忙不上贴吧，请直接电话或微信，18876160462 非诚勿扰</span>',6,'嘤嘤嘤嘤嘤嘤','出售','2019-06-25 21:19:08',1,23,12,'http://localhost:8080/images/1561468102.jpg'),(15,'<span style=\"color:#333333;font-family:&quot;Helvetica Neue&quot;, Helvetica, Arial,sans-serif;font-size:14px;\">出健身卡一张，地点海甸城6楼21天健身房。&nbsp;</span><br style=\"box-sizing:content-box;color:#333333;font-family:&quot;Helvetica Neue&quot;, Helvetica, Arial,sans-serif;font-size:14px;\" />\r\n<span style=\"color:#333333;font-family:&quot;Helvetica Neue&quot;, Helvetica, Arial,sans-serif;font-size:14px;\">本人有事需回老家，21天健身房健身卡转让:</span><br style=\"box-sizing:content-box;color:#333333;font-family:&quot;Helvetica Neue&quot;, Helvetica, Arial,sans-serif;font-size:14px;\" />\r\n<span style=\"color:#333333;font-family:&quot;Helvetica Neue&quot;, Helvetica, Arial,sans-serif;font-size:14px;\">2年健身卡转让价格:1000元(可小刀，还剩1年10个月) 现在是1399一年，所以机会难得。健身馆有热水洗澡房，每天都有课程，瑜伽，芭蕾，动感单车，爵士舞等，包含一次免费转卡，两次停卡期</span><br style=\"box-sizing:content-box;color:#333333;font-family:&quot;Helvetica Neue&quot;, Helvetica, Arial,sans-serif;font-size:14px;\" />\r\n<span style=\"color:#333333;font-family:&quot;Helvetica Neue&quot;, Helvetica, Arial,sans-serif;font-size:14px;\">有意者私戳</span><br style=\"box-sizing:content-box;color:#333333;font-family:&quot;Helvetica Neue&quot;, Helvetica, Arial,sans-serif;font-size:14px;\" />\r\n<span style=\"color:#333333;font-family:&quot;Helvetica Neue&quot;, Helvetica, Arial,sans-serif;font-size:14px;\">健身房地址:海甸岛二东路海甸城6楼21天健身房</span>',7,'白花花的小豹纹','出健身卡一张，地点海甸城6楼21天健身房。','2019-06-25 21:21:29',2,24,12,'http://localhost:8080/images/1561468835.jpg'),(16,'<span style=\"color:#333333;font-family:&quot;Helvetica Neue&quot;, Helvetica, Arial, sans-serif;font-size:14px;\">卖辆自行车，价钱看着给吧，有意者加我微信：y1013146799<br />\r\n</span><img src=\"http://localhost:8080/images/75732f738bd4b31c426da23b8cd6277f9f2ff87f.jpg\" />',8,'逊哥V5995','卖辆自行车，价钱看着给吧，有意者加我微信：y1013146799','2019-06-25 21:25:47',1,21,8,'http://localhost:8080/images/1561469122.jpg'),(17,'<span style=\"color:#333333;font-family:&quot;Helvetica Neue&quot;, Helvetica, Arial, sans-serif;font-size:14px;\">各位吧友午安哇</span><img class=\"BDE_Smiley\" width=\"30\" height=\"30\" changedsize=\"false\" src=\"http://static.tieba.baidu.com/tb/editor/images/client/image_emoticon25.png\" style=\"box-sizing:content-box;border:0px;color:#333333;font-family:&quot;Helvetica Neue&quot;, Helvetica, Arial, sans-serif;font-size:14px;\" /><span style=\"color:#333333;font-family:&quot;Helvetica Neue&quot;, Helvetica, Arial, sans-serif;font-size:14px;\">&nbsp;今晚吧聚有人组队参加吗<br />\r\n</span><img src=\"http://localhost:8080/images/f6897e3e6709c93d152634b8943df8dcd30054c2.jpg\" />',8,'逊哥V5995','【吧聚】艾瑞巴蒂看这里！','2019-06-25 21:29:14',0,24,12,'http://localhost:8080/images/1561469122.jpg'),(18,'<span style=\"color:#333333;font-family:&quot;Helvetica Neue&quot;, Helvetica, Arial, sans-serif;font-size:14px;\">很多同学觉得必须开空调享受，让自己清凉一夏，然而也有不少人围绕身体状况、交电费等问题拒绝开空调。</span><br style=\"box-sizing:content-box;color:#333333;font-family:&quot;Helvetica Neue&quot;, Helvetica, Arial, sans-serif;font-size:14px;\" />\r\n<span style=\"color:#333333;font-family:&quot;Helvetica Neue&quot;, Helvetica, Arial, sans-serif;font-size:14px;\">宿舍该不该开空调，已经成为宿舍的主要矛盾；有些宿舍内部为此出现了牢骚抱怨甚至争吵，更有不少宿舍还为此还大打出手！有同学说夏天不开空调的宿舍等于人间炼狱，也有不少同学因身体原因、电费等拒绝开空调。</span><br style=\"box-sizing:content-box;color:#333333;font-family:&quot;Helvetica Neue&quot;, Helvetica, Arial, sans-serif;font-size:14px;\" />\r\n<span style=\"color:#333333;font-family:&quot;Helvetica Neue&quot;, Helvetica, Arial, sans-serif;font-size:14px;\">那今天邀请各位同学实力来辩：高温天气，宿舍该不该开空调呢？</span><br style=\"box-sizing:content-box;color:#333333;font-family:&quot;Helvetica Neue&quot;, Helvetica, Arial, sans-serif;font-size:14px;\" />\r\n<span style=\"color:#333333;font-family:&quot;Helvetica Neue&quot;, Helvetica, Arial, sans-serif;font-size:14px;\">正方：开，必须开！</span><br style=\"box-sizing:content-box;color:#333333;font-family:&quot;Helvetica Neue&quot;, Helvetica, Arial, sans-serif;font-size:14px;\" />\r\n<span style=\"color:#333333;font-family:&quot;Helvetica Neue&quot;, Helvetica, Arial, sans-serif;font-size:14px;\">反方：矛盾、状况太多，不开！</span><br style=\"box-sizing:content-box;color:#333333;font-family:&quot;Helvetica Neue&quot;, Helvetica, Arial, sans-serif;font-size:14px;\" />\r\n<span style=\"color:#333333;font-family:&quot;Helvetica Neue&quot;, Helvetica, Arial, sans-serif;font-size:14px;\">回复的时候记得先说出自己观点哦，可以按以下格式：开+理由/不开+理由</span><br style=\"box-sizing:content-box;color:#333333;font-family:&quot;Helvetica Neue&quot;, Helvetica, Arial, sans-serif;font-size:14px;\" />\r\n<img class=\"BDE_Image\" pic_type=\"0\" width=\"560\" height=\"298\" src=\"http://localhost:8080/images/d464e0763912b31b5833dcd38818367ad8b4e1dc.jpg\" style=\"box-sizing:content-box;border:0px;margin-top:8px;max-width:570px;cursor:url(&quot;//tb2.bdstatic.com/tb/static-pb/img/cur_zin.cur&quot;), pointer;color:#333333;font-family:&quot;Helvetica Neue&quot;, Helvetica, Arial, sans-serif;font-size:14px;\" /><div><br />\r\n</div>\r\n',9,'贴吧小baby','【贴吧辩论赛】高温天气，宿舍该不该开空调？','2019-06-25 21:32:56',10,24,9,'http://localhost:8080/images/1561469543.jpg'),(19,'<span style=\"color:#333333;font-family:&quot;Helvetica Neue&quot;, Helvetica, Arial, sans-serif;font-size:14px;\">亲爱的吧友们，临近放假，大家想回家的心情都很急切。为了很好的管理贴吧，也为了方便各位吧友，吧务组特开设拼车贴。</span><br style=\"box-sizing:content-box;color:#333333;font-family:&quot;Helvetica Neue&quot;, Helvetica, Arial, sans-serif;font-size:14px;\" />\r\n<span style=\"color:#333333;font-family:&quot;Helvetica Neue&quot;, Helvetica, Arial, sans-serif;font-size:14px;\">此帖适用于本学期，所有的拼车信息请在本帖下回复。</span><br style=\"box-sizing:content-box;color:#333333;font-family:&quot;Helvetica Neue&quot;, Helvetica, Arial, sans-serif;font-size:14px;\" />\r\n<img class=\"BDE_Smiley\" width=\"30\" height=\"30\" changedsize=\"false\" src=\"http://static.tieba.baidu.com/tb/editor/images/client/image_emoticon38.png\" style=\"box-sizing:content-box;border:0px;color:#333333;font-family:&quot;Helvetica Neue&quot;, Helvetica, Arial, sans-serif;font-size:14px;\" /><span style=\"color:#333333;font-family:&quot;Helvetica Neue&quot;, Helvetica, Arial, sans-serif;font-size:14px;\">&nbsp;回复格式如下：</span><br style=\"box-sizing:content-box;color:#333333;font-family:&quot;Helvetica Neue&quot;, Helvetica, Arial, sans-serif;font-size:14px;\" />\r\n<span style=\"color:#333333;font-family:&quot;Helvetica Neue&quot;, Helvetica, Arial, sans-serif;font-size:14px;\">时间：201X年X月X日XX:XX</span><br style=\"box-sizing:content-box;color:#333333;font-family:&quot;Helvetica Neue&quot;, Helvetica, Arial, sans-serif;font-size:14px;\" />\r\n<span style=\"color:#333333;font-family:&quot;Helvetica Neue&quot;, Helvetica, Arial, sans-serif;font-size:14px;\">地点：海甸（城西/儋州)）到美兰机场（或海口东或火车站）</span><br style=\"box-sizing:content-box;color:#333333;font-family:&quot;Helvetica Neue&quot;, Helvetica, Arial, sans-serif;font-size:14px;\" />\r\n<span style=\"color:#333333;font-family:&quot;Helvetica Neue&quot;, Helvetica, Arial, sans-serif;font-size:14px;\">联系方式：电话或者微信</span><br style=\"box-sizing:content-box;color:#333333;font-family:&quot;Helvetica Neue&quot;, Helvetica, Arial, sans-serif;font-size:14px;\" />\r\n<img class=\"BDE_Smiley\" width=\"30\" height=\"30\" changedsize=\"false\" src=\"http://static.tieba.baidu.com/tb/editor/images/client/image_emoticon42.png\" style=\"box-sizing:content-box;border:0px;color:#333333;font-family:&quot;Helvetica Neue&quot;, Helvetica, Arial, sans-serif;font-size:14px;\" /><span style=\"color:#333333;font-family:&quot;Helvetica Neue&quot;, Helvetica, Arial, sans-serif;font-size:14px;\">&nbsp;特此声明：</span><br style=\"box-sizing:content-box;color:#333333;font-family:&quot;Helvetica Neue&quot;, Helvetica, Arial, sans-serif;font-size:14px;\" />\r\n<span style=\"color:#333333;font-family:&quot;Helvetica Neue&quot;, Helvetica, Arial, sans-serif;font-size:14px;\">此帖禁水，只能发与拼车有关的信息，其他信息一经发现立即删除。</span><br style=\"box-sizing:content-box;color:#333333;font-family:&quot;Helvetica Neue&quot;, Helvetica, Arial, sans-serif;font-size:14px;\" />\r\n<span style=\"color:#333333;font-family:&quot;Helvetica Neue&quot;, Helvetica, Arial, sans-serif;font-size:14px;\">同时，即日起单独发拼车贴予以删除，希望各位吧友们谅解与配合。</span><br style=\"box-sizing:content-box;color:#333333;font-family:&quot;Helvetica Neue&quot;, Helvetica, Arial, sans-serif;font-size:14px;\" />\r\n<img class=\"BDE_Smiley\" width=\"30\" height=\"30\" changedsize=\"false\" src=\"http://static.tieba.baidu.com/tb/editor/images/client/image_emoticon37.png\" style=\"box-sizing:content-box;border:0px;color:#333333;font-family:&quot;Helvetica Neue&quot;, Helvetica, Arial, sans-serif;font-size:14px;\" /><span style=\"color:#333333;font-family:&quot;Helvetica Neue&quot;, Helvetica, Arial, sans-serif;font-size:14px;\">&nbsp;最后祝大家期末过过过！！！愉快回家玩耍～</span><img class=\"BDE_Smiley\" width=\"30\" height=\"30\" changedsize=\"false\" src=\"http://static.tieba.baidu.com/tb/editor/images/client/image_emoticon28.png\" style=\"box-sizing:content-box;border:0px;color:#333333;font-family:&quot;Helvetica Neue&quot;, Helvetica, Arial, sans-serif;font-size:14px;\" /><span style=\"color:#333333;font-family:&quot;Helvetica Neue&quot;, Helvetica, Arial, sans-serif;font-size:14px;\">&nbsp;</span><img class=\"BDE_Smiley\" width=\"30\" height=\"30\" changedsize=\"false\" src=\"http://static.tieba.baidu.com/tb/editor/images/client/image_emoticon47.png\" style=\"box-sizing:content-box;border:0px;color:#333333;font-family:&quot;Helvetica Neue&quot;, Helvetica, Arial, sans-serif;font-size:14px;\" /><div><br />\r\n</div>\r\n',1,'麦克君','【海南大学】2017-2018拼车贴','2019-06-25 21:39:13',0,15,3,'http://localhost:8080/images/1561385249.jpg'),(20,'<span style=\"color:#333333;font-family:&quot;Helvetica Neue&quot;, Helvetica, Arial, sans-serif;font-size:14px;\">亲爱的吧友们，鉴于兼职贴、租房贴、招聘贴等信息较多，并且这些帖子时效性长，单贴易沉，我们在此特开此贴。</span><img class=\"BDE_Smiley\" width=\"30\" height=\"30\" changedsize=\"false\" src=\"http://static.tieba.baidu.com/tb/editor/images/client/image_emoticon88.png\" style=\"box-sizing:content-box;border:0px;color:#333333;font-family:&quot;Helvetica Neue&quot;, Helvetica, Arial, sans-serif;font-size:14px;\" /><img class=\"BDE_Smiley\" width=\"30\" height=\"30\" changedsize=\"false\" src=\"http://static.tieba.baidu.com/tb/editor/images/client/image_emoticon36.png\" style=\"box-sizing:content-box;border:0px;color:#333333;font-family:&quot;Helvetica Neue&quot;, Helvetica, Arial, sans-serif;font-size:14px;\" /><br style=\"box-sizing:content-box;color:#333333;font-family:&quot;Helvetica Neue&quot;, Helvetica, Arial, sans-serif;font-size:14px;\" />\r\n<span style=\"color:#333333;font-family:&quot;Helvetica Neue&quot;, Helvetica, Arial, sans-serif;font-size:14px;\">我们真挚的希望吧友们擦亮自己的眼睛，不要由于图一些没必要的小便宜而导致吃大亏，受伤害，并且希望卖家们诚信至上，遵守道德。</span><br style=\"box-sizing:content-box;color:#333333;font-family:&quot;Helvetica Neue&quot;, Helvetica, Arial, sans-serif;font-size:14px;\" />\r\n<span style=\"color:#333333;font-family:&quot;Helvetica Neue&quot;, Helvetica, Arial, sans-serif;font-size:14px;\">一切后果由自己负全责，跟吧务组无关，吧务组只负责这个平台，所以请吧友们要注意啦～</span><img class=\"BDE_Smiley\" width=\"30\" height=\"30\" changedsize=\"false\" src=\"http://static.tieba.baidu.com/tb/editor/images/client/image_emoticon28.png\" style=\"box-sizing:content-box;border:0px;color:#333333;font-family:&quot;Helvetica Neue&quot;, Helvetica, Arial, sans-serif;font-size:14px;\" /><br style=\"box-sizing:content-box;color:#333333;font-family:&quot;Helvetica Neue&quot;, Helvetica, Arial, sans-serif;font-size:14px;\" />\r\n<span style=\"color:#333333;font-family:&quot;Helvetica Neue&quot;, Helvetica, Arial, sans-serif;font-size:14px;\">租房的请仔细辨别相关信息，必看三件套：合同，身份证，房产证。</span><br style=\"box-sizing:content-box;color:#333333;font-family:&quot;Helvetica Neue&quot;, Helvetica, Arial, sans-serif;font-size:14px;\" />\r\n<span style=\"color:#333333;font-family:&quot;Helvetica Neue&quot;, Helvetica, Arial, sans-serif;font-size:14px;\">温馨提示：</span><br style=\"box-sizing:content-box;color:#333333;font-family:&quot;Helvetica Neue&quot;, Helvetica, Arial, sans-serif;font-size:14px;\" />\r\n<span style=\"color:#333333;font-family:&quot;Helvetica Neue&quot;, Helvetica, Arial, sans-serif;font-size:14px;\">1、此贴禁水，一个月之后会清理一次信息，若需要继续请私聊楼主。</span><br style=\"box-sizing:content-box;color:#333333;font-family:&quot;Helvetica Neue&quot;, Helvetica, Arial, sans-serif;font-size:14px;\" />\r\n<span style=\"color:#333333;font-family:&quot;Helvetica Neue&quot;, Helvetica, Arial, sans-serif;font-size:14px;\">2、若无必要，吧务组将直接删除关于此类所有单贴。</span>',1,'麦克君','【海南大学】招聘＆租房＆兼职专贴','2019-06-25 21:39:51',20,15,4,'http://localhost:8080/images/1561385249.jpg'),(21,'<span style=\"color:#333333;font-family:&quot;Helvetica Neue&quot;, Helvetica, Arial, sans-serif;font-size:14px;\">工作地点:</span><br style=\"box-sizing:content-box;color:#333333;font-family:&quot;Helvetica Neue&quot;, Helvetica, Arial, sans-serif;font-size:14px;\" />\r\n<span style=\"color:#333333;font-family:&quot;Helvetica Neue&quot;, Helvetica, Arial, sans-serif;font-size:14px;\">海口</span><br style=\"box-sizing:content-box;color:#333333;font-family:&quot;Helvetica Neue&quot;, Helvetica, Arial, sans-serif;font-size:14px;\" />\r\n<br style=\"box-sizing:content-box;color:#333333;font-family:&quot;Helvetica Neue&quot;, Helvetica, Arial, sans-serif;font-size:14px;\" />\r\n<br style=\"box-sizing:content-box;color:#333333;font-family:&quot;Helvetica Neue&quot;, Helvetica, Arial, sans-serif;font-size:14px;\" />\r\n<span style=\"color:#333333;font-family:&quot;Helvetica Neue&quot;, Helvetica, Arial, sans-serif;font-size:14px;\">工作职责：</span><br style=\"box-sizing:content-box;color:#333333;font-family:&quot;Helvetica Neue&quot;, Helvetica, Arial, sans-serif;font-size:14px;\" />\r\n<span style=\"color:#333333;font-family:&quot;Helvetica Neue&quot;, Helvetica, Arial, sans-serif;font-size:14px;\">1. 负责为客户交付网络集成项目，主要包括Juniper, Aruba, F5等设备的安装实施；</span><br style=\"box-sizing:content-box;color:#333333;font-family:&quot;Helvetica Neue&quot;, Helvetica, Arial, sans-serif;font-size:14px;\" />\r\n<span style=\"color:#333333;font-family:&quot;Helvetica Neue&quot;, Helvetica, Arial, sans-serif;font-size:14px;\">2. 独立完成面向客户的产品的售前交流和方案设计工作；</span><br style=\"box-sizing:content-box;color:#333333;font-family:&quot;Helvetica Neue&quot;, Helvetica, Arial, sans-serif;font-size:14px;\" />\r\n<span style=\"color:#333333;font-family:&quot;Helvetica Neue&quot;, Helvetica, Arial, sans-serif;font-size:14px;\">3. 了解其他业内主流厂商的网络和安全防护产品，能够进行竞争分析；</span><br style=\"box-sizing:content-box;color:#333333;font-family:&quot;Helvetica Neue&quot;, Helvetica, Arial, sans-serif;font-size:14px;\" />\r\n<span style=\"color:#333333;font-family:&quot;Helvetica Neue&quot;, Helvetica, Arial, sans-serif;font-size:14px;\">4. 能够适应出差和日常加班。</span><br style=\"box-sizing:content-box;color:#333333;font-family:&quot;Helvetica Neue&quot;, Helvetica, Arial, sans-serif;font-size:14px;\" />\r\n<br style=\"box-sizing:content-box;color:#333333;font-family:&quot;Helvetica Neue&quot;, Helvetica, Arial, sans-serif;font-size:14px;\" />\r\n<br style=\"box-sizing:content-box;color:#333333;font-family:&quot;Helvetica Neue&quot;, Helvetica, Arial, sans-serif;font-size:14px;\" />\r\n<span style=\"color:#333333;font-family:&quot;Helvetica Neue&quot;, Helvetica, Arial, sans-serif;font-size:14px;\">任职要求：</span><br style=\"box-sizing:content-box;color:#333333;font-family:&quot;Helvetica Neue&quot;, Helvetica, Arial, sans-serif;font-size:14px;\" />\r\n<span style=\"color:#333333;font-family:&quot;Helvetica Neue&quot;, Helvetica, Arial, sans-serif;font-size:14px;\">1. 具备较强的学习能力和动手能力，喜欢学习新知识、乐于接受新事物；</span><br style=\"box-sizing:content-box;color:#333333;font-family:&quot;Helvetica Neue&quot;, Helvetica, Arial, sans-serif;font-size:14px;\" />\r\n<span style=\"color:#333333;font-family:&quot;Helvetica Neue&quot;, Helvetica, Arial, sans-serif;font-size:14px;\">2. 热爱计算机技术，热爱网络行业；</span><br style=\"box-sizing:content-box;color:#333333;font-family:&quot;Helvetica Neue&quot;, Helvetica, Arial, sans-serif;font-size:14px;\" />\r\n<span style=\"color:#333333;font-family:&quot;Helvetica Neue&quot;, Helvetica, Arial, sans-serif;font-size:14px;\">3. 敬业、正直、诚实，有耐心，具备职业道德；</span><br style=\"box-sizing:content-box;color:#333333;font-family:&quot;Helvetica Neue&quot;, Helvetica, Arial, sans-serif;font-size:14px;\" />\r\n<span style=\"color:#333333;font-family:&quot;Helvetica Neue&quot;, Helvetica, Arial, sans-serif;font-size:14px;\">4. 能承受一定的工作压力；具有良好的客户沟通能力；</span><br style=\"box-sizing:content-box;color:#333333;font-family:&quot;Helvetica Neue&quot;, Helvetica, Arial, sans-serif;font-size:14px;\" />\r\n<span style=\"color:#333333;font-family:&quot;Helvetica Neue&quot;, Helvetica, Arial, sans-serif;font-size:14px;\">5. 熟悉网络协议或网络安全防护技术；</span><br style=\"box-sizing:content-box;color:#333333;font-family:&quot;Helvetica Neue&quot;, Helvetica, Arial, sans-serif;font-size:14px;\" />\r\n<br style=\"box-sizing:content-box;color:#333333;font-family:&quot;Helvetica Neue&quot;, Helvetica, Arial, sans-serif;font-size:14px;\" />\r\n<br style=\"box-sizing:content-box;color:#333333;font-family:&quot;Helvetica Neue&quot;, Helvetica, Arial, sans-serif;font-size:14px;\" />\r\n<span style=\"color:#333333;font-family:&quot;Helvetica Neue&quot;, Helvetica, Arial, sans-serif;font-size:14px;\">优先考虑的条件：</span><br style=\"box-sizing:content-box;color:#333333;font-family:&quot;Helvetica Neue&quot;, Helvetica, Arial, sans-serif;font-size:14px;\" />\r\n<span style=\"color:#333333;font-family:&quot;Helvetica Neue&quot;, Helvetica, Arial, sans-serif;font-size:14px;\">1. 有一定网络项目经验，或熟悉网络系统维护经验；</span><br style=\"box-sizing:content-box;color:#333333;font-family:&quot;Helvetica Neue&quot;, Helvetica, Arial, sans-serif;font-size:14px;\" />\r\n<span style=\"color:#333333;font-family:&quot;Helvetica Neue&quot;, Helvetica, Arial, sans-serif;font-size:14px;\">2. 有国际知名产品技术认证证书者（如：JUNIPER/Cisco/HUAWEI）优先</span><br style=\"box-sizing:content-box;color:#333333;font-family:&quot;Helvetica Neue&quot;, Helvetica, Arial, sans-serif;font-size:14px;\" />\r\n<br style=\"box-sizing:content-box;color:#333333;font-family:&quot;Helvetica Neue&quot;, Helvetica, Arial, sans-serif;font-size:14px;\" />\r\n<br style=\"box-sizing:content-box;color:#333333;font-family:&quot;Helvetica Neue&quot;, Helvetica, Arial, sans-serif;font-size:14px;\" />\r\n<span style=\"color:#333333;font-family:&quot;Helvetica Neue&quot;, Helvetica, Arial, sans-serif;font-size:14px;\">薪资：4500——6000元/月, 技术能力强者可面谈</span><br style=\"box-sizing:content-box;color:#333333;font-family:&quot;Helvetica Neue&quot;, Helvetica, Arial, sans-serif;font-size:14px;\" />\r\n<span style=\"color:#333333;font-family:&quot;Helvetica Neue&quot;, Helvetica, Arial, sans-serif;font-size:14px;\">福利待遇：五险一金、专业培训、年假，绩效奖金，通讯补贴</span><br style=\"box-sizing:content-box;color:#333333;font-family:&quot;Helvetica Neue&quot;, Helvetica, Arial, sans-serif;font-size:14px;\" />\r\n<span style=\"color:#333333;font-family:&quot;Helvetica Neue&quot;, Helvetica, Arial, sans-serif;font-size:14px;\">有意者请投简历至邮箱hr@microshield.com.cn</span>',2,'王大锤','=== 北京麦弗瑞科技有限公司海南分公司诚聘===','2019-06-25 21:41:25',10,10,3,'http://localhost:8080/images/1561385214.jpg'),(22,'<span style=\"color:#333333;font-family:&quot;Helvetica Neue&quot;, Helvetica, Arial, sans-serif;font-size:14px;\">【海南大学“迅赢“营销大赛】开始啦！想在应聘中脱颖而出吗？想将自己的知识完美发挥学以致用吗？那就来参加我们的比赛吧！比赛将在11月6日到12月31日期间隆重举行。本次大赛以专业营销知识为基础，以实际销售为手段，从基础工作做起为在校大学生提供商业知识实践的平台，提高每位同学的综合素质。不知道小可爱们有没有心动呐!参赛者可以自由组队，不限专业、系别、年级，每组2-10人（仅以团队形式参赛)。销售时代华纳电影城电影票，我们的电影票到鹏辉广场时代华纳电影城可以观看任意一场电影，不限时间段，2D、3D、IMAX都可以哦!每组进行比拼，最终销售额排名前十八支队伍依次获得相应奖励。这次比赛有丰厚的奖励哟！–––第一名 1名 奖金8000元+奖杯第二名 2名 奖金4000元+奖杯第三名 3名 奖金2000元+奖杯第四名 4名 奖金1000元+证书第五名 8名 奖金500元+证书奖励奖 名额不限 奖金500元（所卖票数超过500张）心动不如行动，大家报名时间截至时间：11月20日中午12点。大家可以通过微信公众号：海大青创汇。填写报名表，之后带身份证和学生证来思源学堂领票。每天12：00-13：00和下午18：00-19：00都会有帅气的小哥哥和漂亮的小姐姐等着你的到来哦！¯¯有任何问题可以加入QQ交流群：681824481。我们等着你的到来。<br />\r\n<br />\r\n</span><img class=\"BDE_Image\" src=\"http://localhost:8080/images/446a0bd162d9f2d3511ac7a5a2ec8a136227cc8b.jpg\" size=\"27730\" width=\"430\" height=\"430\" style=\"box-sizing:content-box;border:0px;margin-top:8px;max-width:570px;color:#333333;font-family:&quot;Helvetica Neue&quot;, Helvetica, Arial, sans-serif;font-size:14px;cursor:url(&quot;http://tb2.bdstatic.com/tb/static-pb/img/cur_zin.cur&quot;), pointer;\" />',2,'王大锤','【海南大学“迅赢“营销大赛】开始啦！想在应聘中脱颖而出吗？想将自己的知识完美发挥学以致用吗？那就来参加我们的比赛吧！','2019-06-25 21:42:37',50,13,2,'http://localhost:8080/images/1561385214.jpg'),(23,'<span style=\"color:#333333;font-family:&quot;Helvetica Neue&quot;, Helvetica, Arial, sans-serif;font-size:14px;\">欢迎大家来到海南大学吧</span><img class=\"BDE_Smiley\" width=\"30\" height=\"30\" changedsize=\"false\" src=\"http://static.tieba.baidu.com/tb/editor/images/client/image_emoticon88.png\" style=\"box-sizing:content-box;border:0px;color:#333333;font-family:&quot;Helvetica Neue&quot;, Helvetica, Arial, sans-serif;font-size:14px;\" /><br style=\"box-sizing:content-box;color:#333333;font-family:&quot;Helvetica Neue&quot;, Helvetica, Arial, sans-serif;font-size:14px;\" />\r\n<span style=\"color:#333333;font-family:&quot;Helvetica Neue&quot;, Helvetica, Arial, sans-serif;font-size:14px;\">为了更好的贴吧版面管理，请各位吧友将有关（招聘，租房，闲置交易）信息的帖子统一发布到此贴哈～其他单帖吧务组会适当删除哦</span><br style=\"box-sizing:content-box;color:#333333;font-family:&quot;Helvetica Neue&quot;, Helvetica, Arial, sans-serif;font-size:14px;\" />\r\n<span style=\"color:#333333;font-family:&quot;Helvetica Neue&quot;, Helvetica, Arial, sans-serif;font-size:14px;\">温馨提示：大家要注意甄别信息真伪性，谨防上当受骗本吧仅提供平台，其他事宜与吧务组无关</span><img class=\"BDE_Smiley\" width=\"30\" height=\"30\" changedsize=\"false\" src=\"http://static.tieba.baidu.com/tb/editor/images/client/image_emoticon68.png\" style=\"box-sizing:content-box;border:0px;color:#333333;font-family:&quot;Helvetica Neue&quot;, Helvetica, Arial, sans-serif;font-size:14px;\" />',3,'李荣浩','毕业季闲置租房信息帖','2019-06-25 21:49:03',12,7,1,'http://localhost:8080/images/1561385267.jpg'),(24,'<h1 class=\"core_title_txt \" title=\"贵校收分低一点的一本专业转好一点的专业容易吗\" style=\"box-sizing:content-box;font-size:16px;margin:0px 0px 0px 20px;padding:0px;font-weight:400;text-overflow:ellipsis;overflow:hidden;white-space:nowrap;display:inline;font-family:&quot;Microsoft Yahei&quot;, STHeiti, Arial, SimSun;width:470px;\">贵校收分低一点的一本专业转好一点的专业容易吗</h1>\r\n',3,'李荣浩','贵校收分低一点的一本专业转好一点的专业容易吗','2019-06-25 21:50:13',11,7,1,'http://localhost:8080/images/1561385267.jpg'),(25,'<span style=\"color:#333333;font-family:&quot;Helvetica Neue&quot;, Helvetica, Arial, sans-serif;font-size:14px;\">半边天的彩霞镇楼<br />\r\n<br />\r\n</span><img class=\"BDE_Image\" pic_type=\"0\" width=\"560\" height=\"315\" src=\"http://localhost:8080/images/36bddc54564e9258c596f0189282d158cebf4ec7.jpg\" style=\"box-sizing:content-box;border:0px;margin-top:8px;max-width:570px;color:#333333;font-family:&quot;Helvetica Neue&quot;, Helvetica, Arial, sans-serif;font-size:14px;cursor:url(&quot;http://tb2.bdstatic.com/tb/static-pb/img/cur_zin.cur&quot;), pointer;\" />',4,'几何画板版本号','不吹不黑，客观评价海大，有意报考海大的可以看看','2019-06-25 21:51:22',10,24,6,'http://localhost:8080/images/1561466769.jpg');

/*Table structure for table `user` */

DROP TABLE IF EXISTS `user`;

CREATE TABLE `user` (
  `uid` int(11) NOT NULL AUTO_INCREMENT,
  `uname` varchar(255) NOT NULL,
  `psw` varchar(255) NOT NULL,
  `tel` varchar(255) NOT NULL,
  `avatar` varchar(255) DEFAULT NULL,
  `nickname` varchar(255) NOT NULL,
  PRIMARY KEY (`uid`)
) ENGINE=InnoDB AUTO_INCREMENT=10 DEFAULT CHARSET=utf8;

/*Data for the table `user` */

insert  into `user`(`uid`,`uname`,`psw`,`tel`,`avatar`,`nickname`) values (1,'1','1','1','http://localhost:8080/images/1561385249.jpg','麦克君'),(2,'2','2','2','http://localhost:8080/images/1561385214.jpg','王大锤'),(3,'3','3','3','http://localhost:8080/images/1561385267.jpg','李荣浩'),(4,'4','4','44444','http://localhost:8080/images/1561466769.jpg','几何画板版本号'),(5,'5','5','55555','http://localhost:8080/images/1561467688.jpg','陌城陌路sun'),(6,'6','6','6','http://localhost:8080/images/1561468102.jpg','嘤嘤嘤嘤嘤嘤'),(7,'7','7','7','http://localhost:8080/images/1561468835.jpg','白花花的小豹纹'),(8,'8','8','8','http://localhost:8080/images/1561469122.jpg','逊哥V5995'),(9,'9','9','99999','http://localhost:8080/images/1561469543.jpg','贴吧小baby');

/*Table structure for table `acceptcomfirst` */

DROP TABLE IF EXISTS `acceptcomfirst`;

/*!50001 DROP VIEW IF EXISTS `acceptcomfirst` */;
/*!50001 DROP TABLE IF EXISTS `acceptcomfirst` */;

/*!50001 CREATE TABLE  `acceptcomfirst`(
 `cid` int(11) ,
 `nid` int(11) ,
 `content` text ,
 `myid` int(11) ,
 `yourid` int(11) ,
 `accept` int(11) ,
 `likenum` int(11) ,
 `TIME` timestamp ,
 `myname` varchar(255) ,
 `yourname` varchar(255) ,
 `avatar` varchar(255) 
)*/;

/*Table structure for table `morecomnote` */

DROP TABLE IF EXISTS `morecomnote`;

/*!50001 DROP VIEW IF EXISTS `morecomnote` */;
/*!50001 DROP TABLE IF EXISTS `morecomnote` */;

/*!50001 CREATE TABLE  `morecomnote`(
 `nid` int(11) ,
 `content` text ,
 `uid` int(11) ,
 `uname` varchar(255) ,
 `topic` varchar(255) ,
 `TIME` timestamp ,
 `reward` int(11) ,
 `seenum` int(11) ,
 `comnum` int(11) ,
 `avatar` varchar(255) 
)*/;

/*Table structure for table `moreviewnote` */

DROP TABLE IF EXISTS `moreviewnote`;

/*!50001 DROP VIEW IF EXISTS `moreviewnote` */;
/*!50001 DROP TABLE IF EXISTS `moreviewnote` */;

/*!50001 CREATE TABLE  `moreviewnote`(
 `nid` int(11) ,
 `content` text ,
 `uid` int(11) ,
 `uname` varchar(255) ,
 `topic` varchar(255) ,
 `TIME` timestamp ,
 `reward` int(11) ,
 `seenum` int(11) ,
 `comnum` int(11) ,
 `avatar` varchar(255) 
)*/;

/*Table structure for table `newnotefirst` */

DROP TABLE IF EXISTS `newnotefirst`;

/*!50001 DROP VIEW IF EXISTS `newnotefirst` */;
/*!50001 DROP TABLE IF EXISTS `newnotefirst` */;

/*!50001 CREATE TABLE  `newnotefirst`(
 `nid` int(11) ,
 `content` text ,
 `uid` int(11) ,
 `uname` varchar(255) ,
 `topic` varchar(255) ,
 `TIME` timestamp ,
 `reward` int(11) ,
 `seenum` int(11) ,
 `comnum` int(11) ,
 `avatar` varchar(255) 
)*/;

/*Table structure for table `rewardfirst` */

DROP TABLE IF EXISTS `rewardfirst`;

/*!50001 DROP VIEW IF EXISTS `rewardfirst` */;
/*!50001 DROP TABLE IF EXISTS `rewardfirst` */;

/*!50001 CREATE TABLE  `rewardfirst`(
 `nid` int(11) ,
 `content` text ,
 `uid` int(11) ,
 `uname` varchar(255) ,
 `topic` varchar(255) ,
 `TIME` timestamp ,
 `reward` int(11) ,
 `seenum` int(11) ,
 `comnum` int(11) ,
 `avatar` varchar(255) 
)*/;

/*View structure for view acceptcomfirst */

/*!50001 DROP TABLE IF EXISTS `acceptcomfirst` */;
/*!50001 DROP VIEW IF EXISTS `acceptcomfirst` */;

/*!50001 CREATE ALGORITHM=UNDEFINED DEFINER=`root`@`localhost` SQL SECURITY DEFINER VIEW `acceptcomfirst` AS select `comment`.`cid` AS `cid`,`comment`.`nid` AS `nid`,`comment`.`content` AS `content`,`comment`.`myid` AS `myid`,`comment`.`yourid` AS `yourid`,`comment`.`accept` AS `accept`,`comment`.`likenum` AS `likenum`,`comment`.`TIME` AS `TIME`,`comment`.`myname` AS `myname`,`comment`.`yourname` AS `yourname`,`comment`.`avatar` AS `avatar` from `comment` order by `comment`.`accept` desc */;

/*View structure for view morecomnote */

/*!50001 DROP TABLE IF EXISTS `morecomnote` */;
/*!50001 DROP VIEW IF EXISTS `morecomnote` */;

/*!50001 CREATE ALGORITHM=UNDEFINED DEFINER=`root`@`localhost` SQL SECURITY DEFINER VIEW `morecomnote` AS select `note`.`nid` AS `nid`,`note`.`content` AS `content`,`note`.`uid` AS `uid`,`note`.`uname` AS `uname`,`note`.`topic` AS `topic`,`note`.`TIME` AS `TIME`,`note`.`reward` AS `reward`,`note`.`seenum` AS `seenum`,`note`.`comnum` AS `comnum`,`note`.`avatar` AS `avatar` from `note` order by `note`.`comnum` desc */;

/*View structure for view moreviewnote */

/*!50001 DROP TABLE IF EXISTS `moreviewnote` */;
/*!50001 DROP VIEW IF EXISTS `moreviewnote` */;

/*!50001 CREATE ALGORITHM=UNDEFINED DEFINER=`root`@`localhost` SQL SECURITY DEFINER VIEW `moreviewnote` AS select `note`.`nid` AS `nid`,`note`.`content` AS `content`,`note`.`uid` AS `uid`,`note`.`uname` AS `uname`,`note`.`topic` AS `topic`,`note`.`TIME` AS `TIME`,`note`.`reward` AS `reward`,`note`.`seenum` AS `seenum`,`note`.`comnum` AS `comnum`,`note`.`avatar` AS `avatar` from `note` order by `note`.`seenum` desc */;

/*View structure for view newnotefirst */

/*!50001 DROP TABLE IF EXISTS `newnotefirst` */;
/*!50001 DROP VIEW IF EXISTS `newnotefirst` */;

/*!50001 CREATE ALGORITHM=UNDEFINED DEFINER=`root`@`localhost` SQL SECURITY DEFINER VIEW `newnotefirst` AS select `note`.`nid` AS `nid`,`note`.`content` AS `content`,`note`.`uid` AS `uid`,`note`.`uname` AS `uname`,`note`.`topic` AS `topic`,`note`.`TIME` AS `TIME`,`note`.`reward` AS `reward`,`note`.`seenum` AS `seenum`,`note`.`comnum` AS `comnum`,`note`.`avatar` AS `avatar` from `note` order by `note`.`TIME` desc */;

/*View structure for view rewardfirst */

/*!50001 DROP TABLE IF EXISTS `rewardfirst` */;
/*!50001 DROP VIEW IF EXISTS `rewardfirst` */;

/*!50001 CREATE ALGORITHM=UNDEFINED DEFINER=`root`@`localhost` SQL SECURITY DEFINER VIEW `rewardfirst` AS select `note`.`nid` AS `nid`,`note`.`content` AS `content`,`note`.`uid` AS `uid`,`note`.`uname` AS `uname`,`note`.`topic` AS `topic`,`note`.`TIME` AS `TIME`,`note`.`reward` AS `reward`,`note`.`seenum` AS `seenum`,`note`.`comnum` AS `comnum`,`note`.`avatar` AS `avatar` from `note` order by `note`.`reward` desc */;

/*!40101 SET SQL_MODE=@OLD_SQL_MODE */;
/*!40014 SET FOREIGN_KEY_CHECKS=@OLD_FOREIGN_KEY_CHECKS */;
/*!40014 SET UNIQUE_CHECKS=@OLD_UNIQUE_CHECKS */;
/*!40111 SET SQL_NOTES=@OLD_SQL_NOTES */;
